id,fss,kf,n,idoc,ratio,dg suspended sed. (< 0.25mm),depth,lat,lon,d10,d16,d25,d30,d50,d60,d75,d84,d90,Mean Grain Size dm [mm],Geometrical mean dg [mm],Sorting Index 1 ds,Fredle - Index,Grain Size std,Geometric Standard Deviation,Skewness,Kurtosis,Coefficient of uniformity - Cu,Curvature coefficient - Cc,Carling and Reader (1982) [Porosity],Wu and Wang (2006) [Porosity],Frings et al. (2011)  [Porosity],Carling and Reader (1982) [Estimated kf],Wu and Wang (2006) [Estimated kf],Wooster et al. (2008) [Estimated kf],Frings et al. (2011)  [Estimated kf],250,125,63,31.5,16,8,4,2,0.5,0.25,0.125,0.063,0.031,0.0039,6.00E-05
Ref before,17.705561,2.34E-04,0.20736887,12.13,14.83316023,0.13835024,0.12,6155209.526,1464116.977,0.409415584,0.79638796,1.628166466,3.025263158,9.651832461,13.3895288,22.8125,30.46142857,41.68450237,15.14526092,4.925354297,6.184616726,0.79638796,16.19117445,2.40006979,1.273301809,0.752588667,32.70400372,1.669539326,0.256490134,0.260446474,0.209530511,9.14E-05,9.67E-05,4.25E-05,4.41E-05,100,100,100,85.22201989,66.98417145,45.58061353,30.64855022,29.31783163,13.51729934,3.810057431,0.938506794,0.420226923,0,0,0
Ref before,17.705561,2.14E-04,0.20736887,12.13,14.83316023,0.13835024,0.15,6155209.526,1464116.977,0.409415584,0.79638796,1.628166466,3.025263158,9.651832461,13.3895288,22.8125,30.46142857,41.68450237,15.14526092,4.925354297,6.184616726,0.79638796,16.19117445,2.40006979,1.273301809,0.752588667,32.70400372,1.669539326,0.256490134,0.260446474,0.209530511,9.14E-05,9.67E-05,4.25E-05,4.41E-05,100,100,100,85.22201989,66.98417145,45.58061353,30.64855022,29.31783163,13.51729934,3.810057431,0.938506794,0.420226923,0,0,0
Ref before,17.705561,7.22E-05,0.20736887,11.67,14.83316023,0.13835024,0.18,6155209.526,1464116.977,0.409415584,0.79638796,1.628166466,3.025263158,9.651832461,13.3895288,22.8125,30.46142857,41.68450237,15.14526092,4.925354297,6.184616726,0.79638796,16.19117445,2.40006979,1.273301809,0.752588667,32.70400372,1.669539326,0.256490134,0.260446474,0.209530511,9.14E-05,9.67E-05,4.25E-05,4.41E-05,100,100,100,85.22201989,66.98417145,45.58061353,30.64855022,29.31783163,13.51729934,3.810057431,0.938506794,0.420226923,0,0,0
Ref before,17.705561,1.74E-06,0.20736887,11.71,14.83316023,0.13835024,0.27,6155209.526,1464116.977,0.409415584,0.79638796,1.628166466,3.025263158,9.651832461,13.3895288,22.8125,30.46142857,41.68450237,15.14526092,4.925354297,6.184616726,0.79638796,16.19117445,2.40006979,1.273301809,0.752588667,32.70400372,1.669539326,0.256490134,0.260446474,0.209530511,9.14E-05,9.67E-05,4.25E-05,4.41E-05,100,100,100,85.22201989,66.98417145,45.58061353,30.64855022,29.31783163,13.51729934,3.810057431,0.938506794,0.420226923,0,0,0
Ref before,17.705561,,0.20736887,11.22,14.83316023,0.13835024,0.24,6155209.526,1464116.977,0.409415584,0.79638796,1.628166466,3.025263158,9.651832461,13.3895288,22.8125,30.46142857,41.68450237,15.14526092,4.925354297,6.184616726,0.79638796,16.19117445,2.40006979,1.273301809,0.752588667,32.70400372,1.669539326,0.256490134,0.260446474,0.209530511,9.14E-05,9.67E-05,4.25E-05,4.41E-05,100,100,100,85.22201989,66.98417145,45.58061353,30.64855022,29.31783163,13.51729934,3.810057431,0.938506794,0.420226923,0,0,0
Ref before,17.705561,,0.20736887,11.34,14.83316023,0.13835024,0.27,6155209.526,1464116.977,0.409415584,0.79638796,1.628166466,3.025263158,9.651832461,13.3895288,22.8125,30.46142857,41.68450237,15.14526092,4.925354297,6.184616726,0.79638796,16.19117445,2.40006979,1.273301809,0.752588667,32.70400372,1.669539326,0.256490134,0.260446474,0.209530511,9.14E-05,9.67E-05,4.25E-05,4.41E-05,100,100,100,85.22201989,66.98417145,45.58061353,30.64855022,29.31783163,13.51729934,3.810057431,0.938506794,0.420226923,0,0,0
Ref after,19.49164249,1.45E-02,0.197577875,12.63,10.96665209,0.142977017,0.12,6155204.529,1464113.713,0.355103912,0.487848411,2.694444444,4.170773639,10.32637076,14.10652742,24.18275547,31.64642578,45.0074707,17.18377125,3.929205839,8.0541532,0.487848411,22.20413515,2.505904309,3.986751901,31.00970734,39.72506903,3.472623229,0.252408149,0.258609371,0.206760408,6.87E-05,7.52E-05,2.86E-05,3.36E-05,100,100,98.07984528,83.93424506,65.00897914,43.84583506,29.3825114,22.66887692,16.54924713,5.249343832,1.215637519,0.524934383,0,0,0
Ref after,19.49164249,7.71E-03,0.197577875,12.45,10.96665209,0.142977017,0.15,6155204.529,1464113.713,0.355103912,0.487848411,2.694444444,4.170773639,10.32637076,14.10652742,24.18275547,31.64642578,45.0074707,17.18377125,3.929205839,8.0541532,0.487848411,22.20413515,2.505904309,3.986751901,31.00970734,39.72506903,3.472623229,0.252408149,0.258609371,0.206760408,6.87E-05,7.52E-05,2.86E-05,3.36E-05,100,100,98.07984528,83.93424506,65.00897914,43.84583506,29.3825114,22.66887692,16.54924713,5.249343832,1.215637519,0.524934383,0,0,0
Ref after,19.49164249,3.32E-03,0.197577875,11.77,10.96665209,0.142977017,0.18,6155204.529,1464113.713,0.355103912,0.487848411,2.694444444,4.170773639,10.32637076,14.10652742,24.18275547,31.64642578,45.0074707,17.18377125,3.929205839,8.0541532,0.487848411,22.20413515,2.505904309,3.986751901,31.00970734,39.72506903,3.472623229,0.252408149,0.258609371,0.206760408,6.87E-05,7.52E-05,2.86E-05,3.36E-05,100,100,98.07984528,83.93424506,65.00897914,43.84583506,29.3825114,22.66887692,16.54924713,5.249343832,1.215637519,0.524934383,0,0,0
Ref after,19.49164249,2.58E-03,0.197577875,10.57,10.96665209,0.142977017,0.21,6155204.529,1464113.713,0.355103912,0.487848411,2.694444444,4.170773639,10.32637076,14.10652742,24.18275547,31.64642578,45.0074707,17.18377125,3.929205839,8.0541532,0.487848411,22.20413515,2.505904309,3.986751901,31.00970734,39.72506903,3.472623229,0.252408149,0.258609371,0.206760408,6.87E-05,7.52E-05,2.86E-05,3.36E-05,100,100,98.07984528,83.93424506,65.00897914,43.84583506,29.3825114,22.66887692,16.54924713,5.249343832,1.215637519,0.524934383,0,0,0
Ref after,19.49164249,2.71E-03,0.197577875,11.93,10.96665209,0.142977017,0.24,6155204.529,1464113.713,0.355103912,0.487848411,2.694444444,4.170773639,10.32637076,14.10652742,24.18275547,31.64642578,45.0074707,17.18377125,3.929205839,8.0541532,0.487848411,22.20413515,2.505904309,3.986751901,31.00970734,39.72506903,3.472623229,0.252408149,0.258609371,0.206760408,6.87E-05,7.52E-05,2.86E-05,3.36E-05,100,100,98.07984528,83.93424506,65.00897914,43.84583506,29.3825114,22.66887692,16.54924713,5.249343832,1.215637519,0.524934383,0,0,0
Ref after,19.49164249,2.15E-03,0.197577875,12.13,10.96665209,0.142977017,0.27,6155204.529,1464113.713,0.355103912,0.487848411,2.694444444,4.170773639,10.32637076,14.10652742,24.18275547,31.64642578,45.0074707,17.18377125,3.929205839,8.0541532,0.487848411,22.20413515,2.505904309,3.986751901,31.00970734,39.72506903,3.472623229,0.252408149,0.258609371,0.206760408,6.87E-05,7.52E-05,2.86E-05,3.36E-05,100,100,98.07984528,83.93424506,65.00897914,43.84583506,29.3825114,22.66887692,16.54924713,5.249343832,1.215637519,0.524934383,0,0,0
Ref after,19.49164249,9.65E-04,0.197577875,11.9,10.96665209,0.142977017,0.33,6155204.529,1464113.713,0.355103912,0.487848411,2.694444444,4.170773639,10.32637076,14.10652742,24.18275547,31.64642578,45.0074707,17.18377125,3.929205839,8.0541532,0.487848411,22.20413515,2.505904309,3.986751901,31.00970734,39.72506903,3.472623229,0.252408149,0.258609371,0.206760408,6.87E-05,7.52E-05,2.86E-05,3.36E-05,100,100,98.07984528,83.93424506,65.00897914,43.84583506,29.3825114,22.66887692,16.54924713,5.249343832,1.215637519,0.524934383,0,0,0
Ref after,19.49164249,7.52E-04,0.197577875,11.7,10.96665209,0.142977017,0.39,6155204.529,1464113.713,0.355103912,0.487848411,2.694444444,4.170773639,10.32637076,14.10652742,24.18275547,31.64642578,45.0074707,17.18377125,3.929205839,8.0541532,0.487848411,22.20413515,2.505904309,3.986751901,31.00970734,39.72506903,3.472623229,0.252408149,0.258609371,0.206760408,6.87E-05,7.52E-05,2.86E-05,3.36E-05,100,100,98.07984528,83.93424506,65.00897914,43.84583506,29.3825114,22.66887692,16.54924713,5.249343832,1.215637519,0.524934383,0,0,0
Ref after,19.49164249,6.65E-04,0.197577875,,10.96665209,0.142977017,0.45,6155204.529,1464113.713,0.355103912,0.487848411,2.694444444,4.170773639,10.32637076,14.10652742,24.18275547,31.64642578,45.0074707,17.18377125,3.929205839,8.0541532,0.487848411,22.20413515,2.505904309,3.986751901,31.00970734,39.72506903,3.472623229,0.252408149,0.258609371,0.206760408,6.87E-05,7.52E-05,2.86E-05,3.36E-05,100,100,98.07984528,83.93424506,65.00897914,43.84583506,29.3825114,22.66887692,16.54924713,5.249343832,1.215637519,0.524934383,0,0,0
A-us before,29.75423046,6.87E-05,0.142106779,7.84,7.812672323,0.111333869,0.12,6155287.977,1464290.925,0.137798805,0.211962151,0.443421053,1.110909091,10.35909631,15.08109394,26.65111347,37.17074733,48.3,17.75850622,2.806918519,13.2425459,0.211962151,23.33316136,3.227029199,3.478376916,24.92704806,109.4428501,0.593852714,0.25221837,0.258523959,0.172591426,1.01E-05,1.10E-05,1.37E-06,2.64E-06,100,100,97.92506044,80.94278807,61.94601128,45.00402901,36.09991942,31.97018533,26.73247381,19.07735697,8.964544722,3.565672844,0,0,0
A-us before,29.75423046,3.11E-04,0.142106779,7.54,7.812672323,0.111333869,0.15,6155287.977,1464290.925,0.137798805,0.211962151,0.443421053,1.110909091,10.35909631,15.08109394,26.65111347,37.17074733,48.3,17.75850622,2.806918519,13.2425459,0.211962151,23.33316136,3.227029199,3.478376916,24.92704806,109.4428501,0.593852714,0.25221837,0.258523959,0.172591426,1.01E-05,1.10E-05,1.37E-06,2.64E-06,100,100,97.92506044,80.94278807,61.94601128,45.00402901,36.09991942,31.97018533,26.73247381,19.07735697,8.964544722,3.565672844,0,0,0
A-us before,29.75423046,1.73E-04,0.142106779,8.28,7.812672323,0.111333869,0.18,6155287.977,1464290.925,0.137798805,0.211962151,0.443421053,1.110909091,10.35909631,15.08109394,26.65111347,37.17074733,48.3,17.75850622,2.806918519,13.2425459,0.211962151,23.33316136,3.227029199,3.478376916,24.92704806,109.4428501,0.593852714,0.25221837,0.258523959,0.172591426,1.01E-05,1.10E-05,1.37E-06,2.64E-06,100,100,97.92506044,80.94278807,61.94601128,45.00402901,36.09991942,31.97018533,26.73247381,19.07735697,8.964544722,3.565672844,0,0,0
A-us before,29.75423046,,0.142106779,7.96,7.812672323,0.111333869,0.21,6155287.977,1464290.925,0.137798805,0.211962151,0.443421053,1.110909091,10.35909631,15.08109394,26.65111347,37.17074733,48.3,17.75850622,2.806918519,13.2425459,0.211962151,23.33316136,3.227029199,3.478376916,24.92704806,109.4428501,0.593852714,0.25221837,0.258523959,0.172591426,1.01E-05,1.10E-05,1.37E-06,2.64E-06,100,100,97.92506044,80.94278807,61.94601128,45.00402901,36.09991942,31.97018533,26.73247381,19.07735697,8.964544722,3.565672844,0,0,0
A-us before,29.75423046,1.36E-04,0.142106779,,7.812672323,0.111333869,0.24,6155287.977,1464290.925,0.137798805,0.211962151,0.443421053,1.110909091,10.35909631,15.08109394,26.65111347,37.17074733,48.3,17.75850622,2.806918519,13.2425459,0.211962151,23.33316136,3.227029199,3.478376916,24.92704806,109.4428501,0.593852714,0.25221837,0.258523959,0.172591426,1.01E-05,1.10E-05,1.37E-06,2.64E-06,100,100,97.92506044,80.94278807,61.94601128,45.00402901,36.09991942,31.97018533,26.73247381,19.07735697,8.964544722,3.565672844,0,0,0
A-us before,29.75423046,2.97E-05,0.142106779,,7.812672323,0.111333869,0.27,6155287.977,1464290.925,0.137798805,0.211962151,0.443421053,1.110909091,10.35909631,15.08109394,26.65111347,37.17074733,48.3,17.75850622,2.806918519,13.2425459,0.211962151,23.33316136,3.227029199,3.478376916,24.92704806,109.4428501,0.593852714,0.25221837,0.258523959,0.172591426,1.01E-05,1.10E-05,1.37E-06,2.64E-06,100,100,97.92506044,80.94278807,61.94601128,45.00402901,36.09991942,31.97018533,26.73247381,19.07735697,8.964544722,3.565672844,0,0,0
A-us before,29.75423046,2.28E-06,0.142106779,6.05,7.812672323,0.111333869,0.33,6155287.977,1464290.925,0.137798805,0.211962151,0.443421053,1.110909091,10.35909631,15.08109394,26.65111347,37.17074733,48.3,17.75850622,2.806918519,13.2425459,0.211962151,23.33316136,3.227029199,3.478376916,24.92704806,109.4428501,0.593852714,0.25221837,0.258523959,0.172591426,1.01E-05,1.10E-05,1.37E-06,2.64E-06,100,100,97.92506044,80.94278807,61.94601128,45.00402901,36.09991942,31.97018533,26.73247381,19.07735697,8.964544722,3.565672844,0,0,0
A-us before,29.75423046,1.89E-05,0.142106779,6,7.812672323,0.111333869,0.39,6155287.977,1464290.925,0.137798805,0.211962151,0.443421053,1.110909091,10.35909631,15.08109394,26.65111347,37.17074733,48.3,17.75850622,2.806918519,13.2425459,0.211962151,23.33316136,3.227029199,3.478376916,24.92704806,109.4428501,0.593852714,0.25221837,0.258523959,0.172591426,1.01E-05,1.10E-05,1.37E-06,2.64E-06,100,100,97.92506044,80.94278807,61.94601128,45.00402901,36.09991942,31.97018533,26.73247381,19.07735697,8.964544722,3.565672844,0,0,0
A-us after,21.95121951,,0.159179467,12.08,13.09531235,0.113684684,0.13,6155287.388,1464290.071,0.240945513,0.403213573,2.278810409,4.289932886,13.32034105,19.58919831,30.3685654,48.7725,62.72903226,23.97407932,4.434606407,10.99815757,0.403213573,30.53764272,2.978771973,2.320901605,8.37441373,81.3013618,3.899110024,0.237534151,0.251915066,0.178957885,2.12E-05,2.63E-05,5.26E-06,7.83E-06,100,100,90.11649072,76.57444485,55.0054605,40.06188569,29.21368766,24.3174372,19.5303968,10.41135784,4.732435384,1.801965781,0,0,0
A-us after,21.95121951,6.72E-04,0.159179467,11.9,13.09531235,0.113684684,0.16,6155287.388,1464290.071,0.240945513,0.403213573,2.278810409,4.289932886,13.32034105,19.58919831,30.3685654,48.7725,62.72903226,23.97407932,4.434606407,10.99815757,0.403213573,30.53764272,2.978771973,2.320901605,8.37441373,81.3013618,3.899110024,0.237534151,0.251915066,0.178957885,2.12E-05,2.63E-05,5.26E-06,7.83E-06,100,100,90.11649072,76.57444485,55.0054605,40.06188569,29.21368766,24.3174372,19.5303968,10.41135784,4.732435384,1.801965781,0,0,0
A-us after,21.95121951,4.67E-04,0.159179467,11.73,13.09531235,0.113684684,0.19,6155287.388,1464290.071,0.240945513,0.403213573,2.278810409,4.289932886,13.32034105,19.58919831,30.3685654,48.7725,62.72903226,23.97407932,4.434606407,10.99815757,0.403213573,30.53764272,2.978771973,2.320901605,8.37441373,81.3013618,3.899110024,0.237534151,0.251915066,0.178957885,2.12E-05,2.63E-05,5.26E-06,7.83E-06,100,100,90.11649072,76.57444485,55.0054605,40.06188569,29.21368766,24.3174372,19.5303968,10.41135784,4.732435384,1.801965781,0,0,0
A-us after,21.95121951,4.18E-04,0.159179467,11.63,13.09531235,0.113684684,0.22,6155287.388,1464290.071,0.240945513,0.403213573,2.278810409,4.289932886,13.32034105,19.58919831,30.3685654,48.7725,62.72903226,23.97407932,4.434606407,10.99815757,0.403213573,30.53764272,2.978771973,2.320901605,8.37441373,81.3013618,3.899110024,0.237534151,0.251915066,0.178957885,2.12E-05,2.63E-05,5.26E-06,7.83E-06,100,100,90.11649072,76.57444485,55.0054605,40.06188569,29.21368766,24.3174372,19.5303968,10.41135784,4.732435384,1.801965781,0,0,0
A-us after,21.95121951,4.99E-04,0.159179467,11.23,13.09531235,0.113684684,0.25,6155287.388,1464290.071,0.240945513,0.403213573,2.278810409,4.289932886,13.32034105,19.58919831,30.3685654,48.7725,62.72903226,23.97407932,4.434606407,10.99815757,0.403213573,30.53764272,2.978771973,2.320901605,8.37441373,81.3013618,3.899110024,0.237534151,0.251915066,0.178957885,2.12E-05,2.63E-05,5.26E-06,7.83E-06,100,100,90.11649072,76.57444485,55.0054605,40.06188569,29.21368766,24.3174372,19.5303968,10.41135784,4.732435384,1.801965781,0,0,0
A-us after,21.95121951,4.48E-04,0.159179467,11.13,13.09531235,0.113684684,0.28,6155287.388,1464290.071,0.240945513,0.403213573,2.278810409,4.289932886,13.32034105,19.58919831,30.3685654,48.7725,62.72903226,23.97407932,4.434606407,10.99815757,0.403213573,30.53764272,2.978771973,2.320901605,8.37441373,81.3013618,3.899110024,0.237534151,0.251915066,0.178957885,2.12E-05,2.63E-05,5.26E-06,7.83E-06,100,100,90.11649072,76.57444485,55.0054605,40.06188569,29.21368766,24.3174372,19.5303968,10.41135784,4.732435384,1.801965781,0,0,0
A-us after,21.95121951,2.40E-04,0.159179467,11.31,13.09531235,0.113684684,0.34,6155287.388,1464290.071,0.240945513,0.403213573,2.278810409,4.289932886,13.32034105,19.58919831,30.3685654,48.7725,62.72903226,23.97407932,4.434606407,10.99815757,0.403213573,30.53764272,2.978771973,2.320901605,8.37441373,81.3013618,3.899110024,0.237534151,0.251915066,0.178957885,2.12E-05,2.63E-05,5.26E-06,7.83E-06,100,100,90.11649072,76.57444485,55.0054605,40.06188569,29.21368766,24.3174372,19.5303968,10.41135784,4.732435384,1.801965781,0,0,0
A-us after,21.95121951,3.18E-04,0.159179467,11.13,13.09531235,0.113684684,0.4,6155287.388,1464290.071,0.240945513,0.403213573,2.278810409,4.289932886,13.32034105,19.58919831,30.3685654,48.7725,62.72903226,23.97407932,4.434606407,10.99815757,0.403213573,30.53764272,2.978771973,2.320901605,8.37441373,81.3013618,3.899110024,0.237534151,0.251915066,0.178957885,2.12E-05,2.63E-05,5.26E-06,7.83E-06,100,100,90.11649072,76.57444485,55.0054605,40.06188569,29.21368766,24.3174372,19.5303968,10.41135784,4.732435384,1.801965781,0,0,0
A-us after,21.95121951,3.17E-04,0.159179467,11.13,13.09531235,0.113684684,0.46,6155287.388,1464290.071,0.240945513,0.403213573,2.278810409,4.289932886,13.32034105,19.58919831,30.3685654,48.7725,62.72903226,23.97407932,4.434606407,10.99815757,0.403213573,30.53764272,2.978771973,2.320901605,8.37441373,81.3013618,3.899110024,0.237534151,0.251915066,0.178957885,2.12E-05,2.63E-05,5.26E-06,7.83E-06,100,100,90.11649072,76.57444485,55.0054605,40.06188569,29.21368766,24.3174372,19.5303968,10.41135784,4.732435384,1.801965781,0,0,0
A-us after,21.95121951,2.72E-04,0.159179467,11.23,13.09531235,0.113684684,0.52,6155287.388,1464290.071,0.240945513,0.403213573,2.278810409,4.289932886,13.32034105,19.58919831,30.3685654,48.7725,62.72903226,23.97407932,4.434606407,10.99815757,0.403213573,30.53764272,2.978771973,2.320901605,8.37441373,81.3013618,3.899110024,0.237534151,0.251915066,0.178957885,2.12E-05,2.63E-05,5.26E-06,7.83E-06,100,100,90.11649072,76.57444485,55.0054605,40.06188569,29.21368766,24.3174372,19.5303968,10.41135784,4.732435384,1.801965781,0,0,0
A-ds before,34.53923686,1.13E-04,0.141619999,,6.327855637,0.115795638,0.19,6155287.829,1464297.447,0.12443027,0.190572337,0.338157895,0.46,7.983298539,12.41996008,21.86198428,29.47555992,40.86587537,14.87818242,2.370068847,12.43658384,0.190572337,21.65249793,3.234537574,4.265054507,35.3566171,99.81461949,0.136920797,0.268273621,0.265749473,0.179247989,1.03E-05,9.97E-06,1.10E-06,2.45E-06,100,100,98.52411807,86.39308855,68.07055436,50.03599712,41.41468683,37.1850252,31.64146868,21.38228942,10.0611951,3.401727862,0,0,0
A-ds before,34.53923686,5.09E-05,0.141619999,5.28,6.327855637,0.115795638,0.22,6155287.829,1464297.447,0.12443027,0.190572337,0.338157895,0.46,7.983298539,12.41996008,21.86198428,29.47555992,40.86587537,14.87818242,2.370068847,12.43658384,0.190572337,21.65249793,3.234537574,4.265054507,35.3566171,99.81461949,0.136920797,0.268273621,0.265749473,0.179247989,1.03E-05,9.97E-06,1.10E-06,2.45E-06,100,100,98.52411807,86.39308855,68.07055436,50.03599712,41.41468683,37.1850252,31.64146868,21.38228942,10.0611951,3.401727862,0,0,0
A-ds before,34.53923686,4.53E-05,0.141619999,6.6,6.327855637,0.115795638,0.25,6155287.829,1464297.447,0.12443027,0.190572337,0.338157895,0.46,7.983298539,12.41996008,21.86198428,29.47555992,40.86587537,14.87818242,2.370068847,12.43658384,0.190572337,21.65249793,3.234537574,4.265054507,35.3566171,99.81461949,0.136920797,0.268273621,0.265749473,0.179247989,1.03E-05,9.97E-06,1.10E-06,2.45E-06,100,100,98.52411807,86.39308855,68.07055436,50.03599712,41.41468683,37.1850252,31.64146868,21.38228942,10.0611951,3.401727862,0,0,0
A-ds before,34.53923686,5.04E-05,0.141619999,4.16,6.327855637,0.115795638,0.28,6155287.829,1464297.447,0.12443027,0.190572337,0.338157895,0.46,7.983298539,12.41996008,21.86198428,29.47555992,40.86587537,14.87818242,2.370068847,12.43658384,0.190572337,21.65249793,3.234537574,4.265054507,35.3566171,99.81461949,0.136920797,0.268273621,0.265749473,0.179247989,1.03E-05,9.97E-06,1.10E-06,2.45E-06,100,100,98.52411807,86.39308855,68.07055436,50.03599712,41.41468683,37.1850252,31.64146868,21.38228942,10.0611951,3.401727862,0,0,0
A-ds before,34.53923686,3.69E-05,0.141619999,6.05,6.327855637,0.115795638,0.31,6155287.829,1464297.447,0.12443027,0.190572337,0.338157895,0.46,7.983298539,12.41996008,21.86198428,29.47555992,40.86587537,14.87818242,2.370068847,12.43658384,0.190572337,21.65249793,3.234537574,4.265054507,35.3566171,99.81461949,0.136920797,0.268273621,0.265749473,0.179247989,1.03E-05,9.97E-06,1.10E-06,2.45E-06,100,100,98.52411807,86.39308855,68.07055436,50.03599712,41.41468683,37.1850252,31.64146868,21.38228942,10.0611951,3.401727862,0,0,0
A-ds before,34.53923686,3.30E-05,0.141619999,3.4,6.327855637,0.115795638,0.34,6155287.829,1464297.447,0.12443027,0.190572337,0.338157895,0.46,7.983298539,12.41996008,21.86198428,29.47555992,40.86587537,14.87818242,2.370068847,12.43658384,0.190572337,21.65249793,3.234537574,4.265054507,35.3566171,99.81461949,0.136920797,0.268273621,0.265749473,0.179247989,1.03E-05,9.97E-06,1.10E-06,2.45E-06,100,100,98.52411807,86.39308855,68.07055436,50.03599712,41.41468683,37.1850252,31.64146868,21.38228942,10.0611951,3.401727862,0,0,0
A-ds before,34.53923686,1.57E-05,0.141619999,6.25,6.327855637,0.115795638,0.4,6155287.829,1464297.447,0.12443027,0.190572337,0.338157895,0.46,7.983298539,12.41996008,21.86198428,29.47555992,40.86587537,14.87818242,2.370068847,12.43658384,0.190572337,21.65249793,3.234537574,4.265054507,35.3566171,99.81461949,0.136920797,0.268273621,0.265749473,0.179247989,1.03E-05,9.97E-06,1.10E-06,2.45E-06,100,100,98.52411807,86.39308855,68.07055436,50.03599712,41.41468683,37.1850252,31.64146868,21.38228942,10.0611951,3.401727862,0,0,0
A-ds before,34.53923686,1.48E-05,0.141619999,2.6,6.327855637,0.115795638,0.46,6155287.829,1464297.447,0.12443027,0.190572337,0.338157895,0.46,7.983298539,12.41996008,21.86198428,29.47555992,40.86587537,14.87818242,2.370068847,12.43658384,0.190572337,21.65249793,3.234537574,4.265054507,35.3566171,99.81461949,0.136920797,0.268273621,0.265749473,0.179247989,1.03E-05,9.97E-06,1.10E-06,2.45E-06,100,100,98.52411807,86.39308855,68.07055436,50.03599712,41.41468683,37.1850252,31.64146868,21.38228942,10.0611951,3.401727862,0,0,0
A-ds after,30.17537171,1.25E-03,0.150062295,12.97,7.214091081,0.11,0.09,6155288.023,1464298.002,0.124554491,0.211574279,0.434457965,0.969934641,9.308576481,13.01927498,21.21662063,27.95526703,35.03908629,14.16197396,2.431998248,11.49477269,0.211574279,19.18520656,3.107834954,5.226151708,55.51382559,104.5267406,0.580147933,0.258702225,0.261442017,0.181465164,1.03E-05,1.07E-05,1.53E-06,2.92E-06,100,100,100,88.73427373,68.03278689,46.47350362,37.74304232,32.84407167,27.2588639,18.64277545,10.04574914,3.678993519,0,0,0
A-ds after,30.17537171,4.00E-04,0.150062295,11.13,7.214091081,0.11,0.12,6155288.023,1464298.002,0.124554491,0.211574279,0.434457965,0.969934641,9.308576481,13.01927498,21.21662063,27.95526703,35.03908629,14.16197396,2.431998248,11.49477269,0.211574279,19.18520656,3.107834954,5.226151708,55.51382559,104.5267406,0.580147933,0.258702225,0.261442017,0.181465164,1.03E-05,1.07E-05,1.53E-06,2.92E-06,100,100,100,88.73427373,68.03278689,46.47350362,37.74304232,32.84407167,27.2588639,18.64277545,10.04574914,3.678993519,0,0,0
A-ds after,30.17537171,9.49E-05,0.150062295,9.69,7.214091081,0.11,0.15,6155288.023,1464298.002,0.124554491,0.211574279,0.434457965,0.969934641,9.308576481,13.01927498,21.21662063,27.95526703,35.03908629,14.16197396,2.431998248,11.49477269,0.211574279,19.18520656,3.107834954,5.226151708,55.51382559,104.5267406,0.580147933,0.258702225,0.261442017,0.181465164,1.03E-05,1.07E-05,1.53E-06,2.92E-06,100,100,100,88.73427373,68.03278689,46.47350362,37.74304232,32.84407167,27.2588639,18.64277545,10.04574914,3.678993519,0,0,0
A-ds after,30.17537171,8.28E-05,0.150062295,7.67,7.214091081,0.11,0.18,6155288.023,1464298.002,0.124554491,0.211574279,0.434457965,0.969934641,9.308576481,13.01927498,21.21662063,27.95526703,35.03908629,14.16197396,2.431998248,11.49477269,0.211574279,19.18520656,3.107834954,5.226151708,55.51382559,104.5267406,0.580147933,0.258702225,0.261442017,0.181465164,1.03E-05,1.07E-05,1.53E-06,2.92E-06,100,100,100,88.73427373,68.03278689,46.47350362,37.74304232,32.84407167,27.2588639,18.64277545,10.04574914,3.678993519,0,0,0
A-ds after,30.17537171,2.19E-05,0.150062295,,7.214091081,0.11,0.21,6155288.023,1464298.002,0.124554491,0.211574279,0.434457965,0.969934641,9.308576481,13.01927498,21.21662063,27.95526703,35.03908629,14.16197396,2.431998248,11.49477269,0.211574279,19.18520656,3.107834954,5.226151708,55.51382559,104.5267406,0.580147933,0.258702225,0.261442017,0.181465164,1.03E-05,1.07E-05,1.53E-06,2.92E-06,100,100,100,88.73427373,68.03278689,46.47350362,37.74304232,32.84407167,27.2588639,18.64277545,10.04574914,3.678993519,0,0,0
A-ds after,30.17537171,6.69E-05,0.150062295,5.25,7.214091081,0.11,0.24,6155288.023,1464298.002,0.124554491,0.211574279,0.434457965,0.969934641,9.308576481,13.01927498,21.21662063,27.95526703,35.03908629,14.16197396,2.431998248,11.49477269,0.211574279,19.18520656,3.107834954,5.226151708,55.51382559,104.5267406,0.580147933,0.258702225,0.261442017,0.181465164,1.03E-05,1.07E-05,1.53E-06,2.92E-06,100,100,100,88.73427373,68.03278689,46.47350362,37.74304232,32.84407167,27.2588639,18.64277545,10.04574914,3.678993519,0,0,0
A-ds after,30.17537171,3.44E-05,0.150062295,5.56,7.214091081,0.11,0.3,6155288.023,1464298.002,0.124554491,0.211574279,0.434457965,0.969934641,9.308576481,13.01927498,21.21662063,27.95526703,35.03908629,14.16197396,2.431998248,11.49477269,0.211574279,19.18520656,3.107834954,5.226151708,55.51382559,104.5267406,0.580147933,0.258702225,0.261442017,0.181465164,1.03E-05,1.07E-05,1.53E-06,2.92E-06,100,100,100,88.73427373,68.03278689,46.47350362,37.74304232,32.84407167,27.2588639,18.64277545,10.04574914,3.678993519,0,0,0
A-ds after,30.17537171,7.59E-06,0.150062295,5.31,7.214091081,0.11,0.36,6155288.023,1464298.002,0.124554491,0.211574279,0.434457965,0.969934641,9.308576481,13.01927498,21.21662063,27.95526703,35.03908629,14.16197396,2.431998248,11.49477269,0.211574279,19.18520656,3.107834954,5.226151708,55.51382559,104.5267406,0.580147933,0.258702225,0.261442017,0.181465164,1.03E-05,1.07E-05,1.53E-06,2.92E-06,100,100,100,88.73427373,68.03278689,46.47350362,37.74304232,32.84407167,27.2588639,18.64277545,10.04574914,3.678993519,0,0,0
B-us before,13.64862435,4.01E-03,0.199392242,12.07,30.58478791,0.133439844,0.12,6155346.993,1464364.28,0.429156479,2.092964427,6.025390625,8.192578497,16.88381674,22.56578774,31.08874423,49.17995122,61.99737805,25.90953354,10.14553539,4.847447603,2.092964427,29.50474521,2.485901821,2.374737338,9.221029314,52.58172446,6.930667278,0.224381248,0.245995104,0.201601546,6.94E-05,9.67E-05,4.57E-05,4.75E-05,100,100,90.46934005,75.72379069,48.44452437,29.54504586,20.33806869,15.78852724,12.08415753,4.729365222,1.366660673,0.521488941,0,0,0
B-us before,13.64862435,1.96E-03,0.199392242,12.16,30.58478791,0.133439844,0.15,6155346.993,1464364.28,0.429156479,2.092964427,6.025390625,8.192578497,16.88381674,22.56578774,31.08874423,49.17995122,61.99737805,25.90953354,10.14553539,4.847447603,2.092964427,29.50474521,2.485901821,2.374737338,9.221029314,52.58172446,6.930667278,0.224381248,0.245995104,0.201601546,6.94E-05,9.67E-05,4.57E-05,4.75E-05,100,100,90.46934005,75.72379069,48.44452437,29.54504586,20.33806869,15.78852724,12.08415753,4.729365222,1.366660673,0.521488941,0,0,0
B-us before,13.64862435,3.85E-03,0.199392242,12.19,30.58478791,0.133439844,0.18,6155346.993,1464364.28,0.429156479,2.092964427,6.025390625,8.192578497,16.88381674,22.56578774,31.08874423,49.17995122,61.99737805,25.90953354,10.14553539,4.847447603,2.092964427,29.50474521,2.485901821,2.374737338,9.221029314,52.58172446,6.930667278,0.224381248,0.245995104,0.201601546,6.94E-05,9.67E-05,4.57E-05,4.75E-05,100,100,90.46934005,75.72379069,48.44452437,29.54504586,20.33806869,15.78852724,12.08415753,4.729365222,1.366660673,0.521488941,0,0,0
B-us before,13.64862435,2.38E-03,0.199392242,12.16,30.58478791,0.133439844,0.21,6155346.993,1464364.28,0.429156479,2.092964427,6.025390625,8.192578497,16.88381674,22.56578774,31.08874423,49.17995122,61.99737805,25.90953354,10.14553539,4.847447603,2.092964427,29.50474521,2.485901821,2.374737338,9.221029314,52.58172446,6.930667278,0.224381248,0.245995104,0.201601546,6.94E-05,9.67E-05,4.57E-05,4.75E-05,100,100,90.46934005,75.72379069,48.44452437,29.54504586,20.33806869,15.78852724,12.08415753,4.729365222,1.366660673,0.521488941,0,0,0
B-us before,13.64862435,1.18E-03,0.199392242,12.16,30.58478791,0.133439844,0.24,6155346.993,1464364.28,0.429156479,2.092964427,6.025390625,8.192578497,16.88381674,22.56578774,31.08874423,49.17995122,61.99737805,25.90953354,10.14553539,4.847447603,2.092964427,29.50474521,2.485901821,2.374737338,9.221029314,52.58172446,6.930667278,0.224381248,0.245995104,0.201601546,6.94E-05,9.67E-05,4.57E-05,4.75E-05,100,100,90.46934005,75.72379069,48.44452437,29.54504586,20.33806869,15.78852724,12.08415753,4.729365222,1.366660673,0.521488941,0,0,0
B-us before,13.64862435,2.08E-03,0.199392242,12.17,30.58478791,0.133439844,0.27,6155346.993,1464364.28,0.429156479,2.092964427,6.025390625,8.192578497,16.88381674,22.56578774,31.08874423,49.17995122,61.99737805,25.90953354,10.14553539,4.847447603,2.092964427,29.50474521,2.485901821,2.374737338,9.221029314,52.58172446,6.930667278,0.224381248,0.245995104,0.201601546,6.94E-05,9.67E-05,4.57E-05,4.75E-05,100,100,90.46934005,75.72379069,48.44452437,29.54504586,20.33806869,15.78852724,12.08415753,4.729365222,1.366660673,0.521488941,0,0,0
B-us before,13.64862435,1.85E-03,0.199392242,12.13,30.58478791,0.133439844,0.33,6155346.993,1464364.28,0.429156479,2.092964427,6.025390625,8.192578497,16.88381674,22.56578774,31.08874423,49.17995122,61.99737805,25.90953354,10.14553539,4.847447603,2.092964427,29.50474521,2.485901821,2.374737338,9.221029314,52.58172446,6.930667278,0.224381248,0.245995104,0.201601546,6.94E-05,9.67E-05,4.57E-05,4.75E-05,100,100,90.46934005,75.72379069,48.44452437,29.54504586,20.33806869,15.78852724,12.08415753,4.729365222,1.366660673,0.521488941,0,0,0
B-us before,13.64862435,7.18E-04,0.199392242,12.06,30.58478791,0.133439844,0.39,6155346.993,1464364.28,0.429156479,2.092964427,6.025390625,8.192578497,16.88381674,22.56578774,31.08874423,49.17995122,61.99737805,25.90953354,10.14553539,4.847447603,2.092964427,29.50474521,2.485901821,2.374737338,9.221029314,52.58172446,6.930667278,0.224381248,0.245995104,0.201601546,6.94E-05,9.67E-05,4.57E-05,4.75E-05,100,100,90.46934005,75.72379069,48.44452437,29.54504586,20.33806869,15.78852724,12.08415753,4.729365222,1.366660673,0.521488941,0,0,0
B-us after,13.79022148,6.51E-03,0.211044117,13.39,29.38450961,0.119923588,0.12,6155347.502,1464364.217,0.432172702,1.852903226,5.391812865,7.257699805,14.26339691,19.01934959,28.06605691,37.37801887,48.04492925,20.0770924,8.32213024,4.491400373,1.852903226,21.87830312,2.361627762,3.763550369,30.50246504,44.00867872,6.408332084,0.233671453,0.250176537,0.209980562,7.28E-05,9.33E-05,5.06E-05,4.97E-05,100,100,98.4120351,80.69368993,54.99373172,31.98913498,21.27037192,16.38111158,12.03510238,4.534057668,1.567070623,0.689511074,0,0,0
B-us after,13.79022148,5.78E-03,0.211044117,13.42,29.38450961,0.119923588,0.15,6155347.502,1464364.217,0.432172702,1.852903226,5.391812865,7.257699805,14.26339691,19.01934959,28.06605691,37.37801887,48.04492925,20.0770924,8.32213024,4.491400373,1.852903226,21.87830312,2.361627762,3.763550369,30.50246504,44.00867872,6.408332084,0.233671453,0.250176537,0.209980562,7.28E-05,9.33E-05,5.06E-05,4.97E-05,100,100,98.4120351,80.69368993,54.99373172,31.98913498,21.27037192,16.38111158,12.03510238,4.534057668,1.567070623,0.689511074,0,0,0
B-us after,13.79022148,4.64E-03,0.211044117,13.44,29.38450961,0.119923588,0.18,6155347.502,1464364.217,0.432172702,1.852903226,5.391812865,7.257699805,14.26339691,19.01934959,28.06605691,37.37801887,48.04492925,20.0770924,8.32213024,4.491400373,1.852903226,21.87830312,2.361627762,3.763550369,30.50246504,44.00867872,6.408332084,0.233671453,0.250176537,0.209980562,7.28E-05,9.33E-05,5.06E-05,4.97E-05,100,100,98.4120351,80.69368993,54.99373172,31.98913498,21.27037192,16.38111158,12.03510238,4.534057668,1.567070623,0.689511074,0,0,0
B-us after,13.79022148,3.24E-03,0.211044117,13.18,29.38450961,0.119923588,0.21,6155347.502,1464364.217,0.432172702,1.852903226,5.391812865,7.257699805,14.26339691,19.01934959,28.06605691,37.37801887,48.04492925,20.0770924,8.32213024,4.491400373,1.852903226,21.87830312,2.361627762,3.763550369,30.50246504,44.00867872,6.408332084,0.233671453,0.250176537,0.209980562,7.28E-05,9.33E-05,5.06E-05,4.97E-05,100,100,98.4120351,80.69368993,54.99373172,31.98913498,21.27037192,16.38111158,12.03510238,4.534057668,1.567070623,0.689511074,0,0,0
B-us after,13.79022148,2.75E-03,0.211044117,13.52,29.38450961,0.119923588,0.24,6155347.502,1464364.217,0.432172702,1.852903226,5.391812865,7.257699805,14.26339691,19.01934959,28.06605691,37.37801887,48.04492925,20.0770924,8.32213024,4.491400373,1.852903226,21.87830312,2.361627762,3.763550369,30.50246504,44.00867872,6.408332084,0.233671453,0.250176537,0.209980562,7.28E-05,9.33E-05,5.06E-05,4.97E-05,100,100,98.4120351,80.69368993,54.99373172,31.98913498,21.27037192,16.38111158,12.03510238,4.534057668,1.567070623,0.689511074,0,0,0
B-us after,13.79022148,1.81E-03,0.211044117,13.53,29.38450961,0.119923588,0.27,6155347.502,1464364.217,0.432172702,1.852903226,5.391812865,7.257699805,14.26339691,19.01934959,28.06605691,37.37801887,48.04492925,20.0770924,8.32213024,4.491400373,1.852903226,21.87830312,2.361627762,3.763550369,30.50246504,44.00867872,6.408332084,0.233671453,0.250176537,0.209980562,7.28E-05,9.33E-05,5.06E-05,4.97E-05,100,100,98.4120351,80.69368993,54.99373172,31.98913498,21.27037192,16.38111158,12.03510238,4.534057668,1.567070623,0.689511074,0,0,0
B-us after,13.79022148,1.07E-03,0.211044117,13.51,29.38450961,0.119923588,0.33,6155347.502,1464364.217,0.432172702,1.852903226,5.391812865,7.257699805,14.26339691,19.01934959,28.06605691,37.37801887,48.04492925,20.0770924,8.32213024,4.491400373,1.852903226,21.87830312,2.361627762,3.763550369,30.50246504,44.00867872,6.408332084,0.233671453,0.250176537,0.209980562,7.28E-05,9.33E-05,5.06E-05,4.97E-05,100,100,98.4120351,80.69368993,54.99373172,31.98913498,21.27037192,16.38111158,12.03510238,4.534057668,1.567070623,0.689511074,0,0,0
B-us after,13.79022148,5.95E-04,0.211044117,13.53,29.38450961,0.119923588,0.39,6155347.502,1464364.217,0.432172702,1.852903226,5.391812865,7.257699805,14.26339691,19.01934959,28.06605691,37.37801887,48.04492925,20.0770924,8.32213024,4.491400373,1.852903226,21.87830312,2.361627762,3.763550369,30.50246504,44.00867872,6.408332084,0.233671453,0.250176537,0.209980562,7.28E-05,9.33E-05,5.06E-05,4.97E-05,100,100,98.4120351,80.69368993,54.99373172,31.98913498,21.27037192,16.38111158,12.03510238,4.534057668,1.567070623,0.689511074,0,0,0
B-us after,13.79022148,,0.211044117,13.52,29.38450961,0.119923588,0.45,6155347.502,1464364.217,0.432172702,1.852903226,5.391812865,7.257699805,14.26339691,19.01934959,28.06605691,37.37801887,48.04492925,20.0770924,8.32213024,4.491400373,1.852903226,21.87830312,2.361627762,3.763550369,30.50246504,44.00867872,6.408332084,0.233671453,0.250176537,0.209980562,7.28E-05,9.33E-05,5.06E-05,4.97E-05,100,100,98.4120351,80.69368993,54.99373172,31.98913498,21.27037192,16.38111158,12.03510238,4.534057668,1.567070623,0.689511074,0,0,0
B-us after,13.79022148,,0.211044117,13.52,29.38450961,0.119923588,0.48,6155347.502,1464364.217,0.432172702,1.852903226,5.391812865,7.257699805,14.26339691,19.01934959,28.06605691,37.37801887,48.04492925,20.0770924,8.32213024,4.491400373,1.852903226,21.87830312,2.361627762,3.763550369,30.50246504,44.00867872,6.408332084,0.233671453,0.250176537,0.209980562,7.28E-05,9.33E-05,5.06E-05,4.97E-05,100,100,98.4120351,80.69368993,54.99373172,31.98913498,21.27037192,16.38111158,12.03510238,4.534057668,1.567070623,0.689511074,0,0,0
B-ds before,16.55453258,1.02E-02,0.195214063,12.62,17.12944174,0.124033664,0.12,6155353.451,1464362.749,0.350767544,0.840204082,4.650994575,6.693670886,14.88304624,19.78786437,27.59964307,34.4501427,46.16772777,19.61829404,5.38006975,6.403289233,0.840204082,21.43450029,2.532241502,3.912489316,33.25073536,56.41304252,6.455210126,0.231297882,0.249108226,0.202443909,0.0000439,0.0000575,0.0000241,0.0000274,100,100,98.61898017,82.48937677,52.7266289,33.19759207,23.40651558,18.67917847,14.8194051,6.745750708,2.213172805,0.938385269,0,0,0
B-ds before,16.55453258,8.24E-03,0.195214063,12.79,17.12944174,0.124033664,0.15,6155353.451,1464362.749,0.350767544,0.840204082,4.650994575,6.693670886,14.88304624,19.78786437,27.59964307,34.4501427,46.16772777,19.61829404,5.38006975,6.403289233,0.840204082,21.43450029,2.532241502,3.912489316,33.25073536,56.41304252,6.455210126,0.231297882,0.249108226,0.202443909,0.0000439,0.0000575,0.0000241,0.0000274,100,100,98.61898017,82.48937677,52.7266289,33.19759207,23.40651558,18.67917847,14.8194051,6.745750708,2.213172805,0.938385269,0,0,0
B-ds before,16.55453258,7.69E-03,0.195214063,13.01,17.12944174,0.124033664,0.18,6155353.451,1464362.749,0.350767544,0.840204082,4.650994575,6.693670886,14.88304624,19.78786437,27.59964307,34.4501427,46.16772777,19.61829404,5.38006975,6.403289233,0.840204082,21.43450029,2.532241502,3.912489316,33.25073536,56.41304252,6.455210126,0.231297882,0.249108226,0.202443909,0.0000439,0.0000575,0.0000241,0.0000274,100,100,98.61898017,82.48937677,52.7266289,33.19759207,23.40651558,18.67917847,14.8194051,6.745750708,2.213172805,0.938385269,0,0,0
B-ds before,16.55453258,4.41E-03,0.195214063,12.58,17.12944174,0.124033664,0.21,6155353.451,1464362.749,0.350767544,0.840204082,4.650994575,6.693670886,14.88304624,19.78786437,27.59964307,34.4501427,46.16772777,19.61829404,5.38006975,6.403289233,0.840204082,21.43450029,2.532241502,3.912489316,33.25073536,56.41304252,6.455210126,0.231297882,0.249108226,0.202443909,0.0000439,0.0000575,0.0000241,0.0000274,100,100,98.61898017,82.48937677,52.7266289,33.19759207,23.40651558,18.67917847,14.8194051,6.745750708,2.213172805,0.938385269,0,0,0
B-ds before,16.55453258,3.93E-03,0.195214063,12.51,17.12944174,0.124033664,0.24,6155353.451,1464362.749,0.350767544,0.840204082,4.650994575,6.693670886,14.88304624,19.78786437,27.59964307,34.4501427,46.16772777,19.61829404,5.38006975,6.403289233,0.840204082,21.43450029,2.532241502,3.912489316,33.25073536,56.41304252,6.455210126,0.231297882,0.249108226,0.202443909,0.0000439,0.0000575,0.0000241,0.0000274,100,100,98.61898017,82.48937677,52.7266289,33.19759207,23.40651558,18.67917847,14.8194051,6.745750708,2.213172805,0.938385269,0,0,0
B-ds before,16.55453258,4.92E-03,0.195214063,12.42,17.12944174,0.124033664,0.27,6155353.451,1464362.749,0.350767544,0.840204082,4.650994575,6.693670886,14.88304624,19.78786437,27.59964307,34.4501427,46.16772777,19.61829404,5.38006975,6.403289233,0.840204082,21.43450029,2.532241502,3.912489316,33.25073536,56.41304252,6.455210126,0.231297882,0.249108226,0.202443909,0.0000439,0.0000575,0.0000241,0.0000274,100,100,98.61898017,82.48937677,52.7266289,33.19759207,23.40651558,18.67917847,14.8194051,6.745750708,2.213172805,0.938385269,0,0,0
B-ds before,16.55453258,3.73E-03,0.195214063,11.96,17.12944174,0.124033664,0.33,6155353.451,1464362.749,0.350767544,0.840204082,4.650994575,6.693670886,14.88304624,19.78786437,27.59964307,34.4501427,46.16772777,19.61829404,5.38006975,6.403289233,0.840204082,21.43450029,2.532241502,3.912489316,33.25073536,56.41304252,6.455210126,0.231297882,0.249108226,0.202443909,0.0000439,0.0000575,0.0000241,0.0000274,100,100,98.61898017,82.48937677,52.7266289,33.19759207,23.40651558,18.67917847,14.8194051,6.745750708,2.213172805,0.938385269,0,0,0
B-ds before,16.55453258,3.66E-03,0.195214063,12.16,17.12944174,0.124033664,0.39,6155353.451,1464362.749,0.350767544,0.840204082,4.650994575,6.693670886,14.88304624,19.78786437,27.59964307,34.4501427,46.16772777,19.61829404,5.38006975,6.403289233,0.840204082,21.43450029,2.532241502,3.912489316,33.25073536,56.41304252,6.455210126,0.231297882,0.249108226,0.202443909,0.0000439,0.0000575,0.0000241,0.0000274,100,100,98.61898017,82.48937677,52.7266289,33.19759207,23.40651558,18.67917847,14.8194051,6.745750708,2.213172805,0.938385269,0,0,0
B-ds before,16.55453258,1.04E-03,0.195214063,,17.12944174,0.124033664,0.45,6155353.451,1464362.749,0.350767544,0.840204082,4.650994575,6.693670886,14.88304624,19.78786437,27.59964307,34.4501427,46.16772777,19.61829404,5.38006975,6.403289233,0.840204082,21.43450029,2.532241502,3.912489316,33.25073536,56.41304252,6.455210126,0.231297882,0.249108226,0.202443909,0.0000439,0.0000575,0.0000241,0.0000274,100,100,98.61898017,82.48937677,52.7266289,33.19759207,23.40651558,18.67917847,14.8194051,6.745750708,2.213172805,0.938385269,0,0,0
B-ds before,16.55453258,9.75E-04,0.195214063,,17.12944174,0.124033664,0.51,6155353.451,1464362.749,0.350767544,0.840204082,4.650994575,6.693670886,14.88304624,19.78786437,27.59964307,34.4501427,46.16772777,19.61829404,5.38006975,6.403289233,0.840204082,21.43450029,2.532241502,3.912489316,33.25073536,56.41304252,6.455210126,0.231297882,0.249108226,0.202443909,0.0000439,0.0000575,0.0000241,0.0000274,100,100,98.61898017,82.48937677,52.7266289,33.19759207,23.40651558,18.67917847,14.8194051,6.745750708,2.213172805,0.938385269,0,0,0
B-ds after,18.08464223,2.94E-03,0.189986418,12.57,13.16709469,0.129283629,0.15,6155354.29,1464362.121,0.349230769,0.481461538,4.752136752,6.711111111,15.21790342,20.71149798,29.34129555,40.42537102,50.63003534,20.89157489,4.411718636,9.163179785,0.481461538,21.23580455,2.591637852,1.702961969,3.968736762,59.30605147,6.226799001,0.23006444,0.248553068,0.201356759,4.84E-05,6.41E-05,2.46E-05,3.02E-05,100,100,97.27312391,78.7521815,51.81064572,33.28970332,23.08027923,19.65532286,16.84118674,5.497382199,1.679755672,0.676265271,0,0,0
B-ds after,18.08464223,4.11E-03,0.189986418,12.63,13.16709469,0.129283629,0.18,6155354.29,1464362.121,0.349230769,0.481461538,4.752136752,6.711111111,15.21790342,20.71149798,29.34129555,40.42537102,50.63003534,20.89157489,4.411718636,9.163179785,0.481461538,21.23580455,2.591637852,1.702961969,3.968736762,59.30605147,6.226799001,0.23006444,0.248553068,0.201356759,4.84E-05,6.41E-05,2.46E-05,3.02E-05,100,100,97.27312391,78.7521815,51.81064572,33.28970332,23.08027923,19.65532286,16.84118674,5.497382199,1.679755672,0.676265271,0,0,0
B-ds after,18.08464223,4.98E-03,0.189986418,12.67,13.16709469,0.129283629,0.21,6155354.29,1464362.121,0.349230769,0.481461538,4.752136752,6.711111111,15.21790342,20.71149798,29.34129555,40.42537102,50.63003534,20.89157489,4.411718636,9.163179785,0.481461538,21.23580455,2.591637852,1.702961969,3.968736762,59.30605147,6.226799001,0.23006444,0.248553068,0.201356759,4.84E-05,6.41E-05,2.46E-05,3.02E-05,100,100,97.27312391,78.7521815,51.81064572,33.28970332,23.08027923,19.65532286,16.84118674,5.497382199,1.679755672,0.676265271,0,0,0
B-ds after,18.08464223,5.03E-03,0.189986418,11.2,13.16709469,0.129283629,0.24,6155354.29,1464362.121,0.349230769,0.481461538,4.752136752,6.711111111,15.21790342,20.71149798,29.34129555,40.42537102,50.63003534,20.89157489,4.411718636,9.163179785,0.481461538,21.23580455,2.591637852,1.702961969,3.968736762,59.30605147,6.226799001,0.23006444,0.248553068,0.201356759,4.84E-05,6.41E-05,2.46E-05,3.02E-05,100,100,97.27312391,78.7521815,51.81064572,33.28970332,23.08027923,19.65532286,16.84118674,5.497382199,1.679755672,0.676265271,0,0,0
B-ds after,18.08464223,3.90E-03,0.189986418,12.58,13.16709469,0.129283629,0.27,6155354.29,1464362.121,0.349230769,0.481461538,4.752136752,6.711111111,15.21790342,20.71149798,29.34129555,40.42537102,50.63003534,20.89157489,4.411718636,9.163179785,0.481461538,21.23580455,2.591637852,1.702961969,3.968736762,59.30605147,6.226799001,0.23006444,0.248553068,0.201356759,4.84E-05,6.41E-05,2.46E-05,3.02E-05,100,100,97.27312391,78.7521815,51.81064572,33.28970332,23.08027923,19.65532286,16.84118674,5.497382199,1.679755672,0.676265271,0,0,0
B-ds after,18.08464223,3.80E-03,0.189986418,12.67,13.16709469,0.129283629,0.3,6155354.29,1464362.121,0.349230769,0.481461538,4.752136752,6.711111111,15.21790342,20.71149798,29.34129555,40.42537102,50.63003534,20.89157489,4.411718636,9.163179785,0.481461538,21.23580455,2.591637852,1.702961969,3.968736762,59.30605147,6.226799001,0.23006444,0.248553068,0.201356759,4.84E-05,6.41E-05,2.46E-05,3.02E-05,100,100,97.27312391,78.7521815,51.81064572,33.28970332,23.08027923,19.65532286,16.84118674,5.497382199,1.679755672,0.676265271,0,0,0
B-ds after,18.08464223,2.87E-03,0.189986418,12.64,13.16709469,0.129283629,0.36,6155354.29,1464362.121,0.349230769,0.481461538,4.752136752,6.711111111,15.21790342,20.71149798,29.34129555,40.42537102,50.63003534,20.89157489,4.411718636,9.163179785,0.481461538,21.23580455,2.591637852,1.702961969,3.968736762,59.30605147,6.226799001,0.23006444,0.248553068,0.201356759,4.84E-05,6.41E-05,2.46E-05,3.02E-05,100,100,97.27312391,78.7521815,51.81064572,33.28970332,23.08027923,19.65532286,16.84118674,5.497382199,1.679755672,0.676265271,0,0,0
B-ds after,18.08464223,2.01E-03,0.189986418,12.77,13.16709469,0.129283629,0.42,6155354.29,1464362.121,0.349230769,0.481461538,4.752136752,6.711111111,15.21790342,20.71149798,29.34129555,40.42537102,50.63003534,20.89157489,4.411718636,9.163179785,0.481461538,21.23580455,2.591637852,1.702961969,3.968736762,59.30605147,6.226799001,0.23006444,0.248553068,0.201356759,4.84E-05,6.41E-05,2.46E-05,3.02E-05,100,100,97.27312391,78.7521815,51.81064572,33.28970332,23.08027923,19.65532286,16.84118674,5.497382199,1.679755672,0.676265271,0,0,0
B-ds after,18.08464223,1.71E-03,0.189986418,12.85,13.16709469,0.129283629,0.48,6155354.29,1464362.121,0.349230769,0.481461538,4.752136752,6.711111111,15.21790342,20.71149798,29.34129555,40.42537102,50.63003534,20.89157489,4.411718636,9.163179785,0.481461538,21.23580455,2.591637852,1.702961969,3.968736762,59.30605147,6.226799001,0.23006444,0.248553068,0.201356759,4.84E-05,6.41E-05,2.46E-05,3.02E-05,100,100,97.27312391,78.7521815,51.81064572,33.28970332,23.08027923,19.65532286,16.84118674,5.497382199,1.679755672,0.676265271,0,0,0
B-ds after,18.08464223,9.17E-04,0.189986418,12.21,13.16709469,0.129283629,0.54,6155354.29,1464362.121,0.349230769,0.481461538,4.752136752,6.711111111,15.21790342,20.71149798,29.34129555,40.42537102,50.63003534,20.89157489,4.411718636,9.163179785,0.481461538,21.23580455,2.591637852,1.702961969,3.968736762,59.30605147,6.226799001,0.23006444,0.248553068,0.201356759,4.84E-05,6.41E-05,2.46E-05,3.02E-05,100,100,97.27312391,78.7521815,51.81064572,33.28970332,23.08027923,19.65532286,16.84118674,5.497382199,1.679755672,0.676265271,0,0,0
