Easting [m],Northig [m],dz
4575121.46,5302141.06,-0.3
4575135.2,5302148.75,0.65
4575096.8,5302168.79,-2.13
4575150.88,5302161.18,-1.37
4575114,5302179.42,-0.34
4575077.6,5302201.59,-1.78
4575166.74,5302173.75,-0.91
4575129.74,5302191.62,-0.77
4575092.8,5302210.08,-0.27
4575058.61,5302233.5,-1.04
4575038,5302257.6,-0.5
4575182.59,5302186.31,-1.07
4575145.7,5302203.97,-0.7
4575108.61,5302222.05,-0.42
4575071.6,5302240.75,-0.11
4575051.08,5302271.93,-0.12
4575014.15,5302293.78,-0.29
4574987.02,5302321.68,-0.27
4575161.65,5302216.31,-1.37
4575124.66,5302234.18,-0.69
4575087.48,5302252.48,-0.21
4575066.35,5302282.91,-0.27
4575028.81,5302302.35,-0.2
4575007.31,5302333.48,-0.55
4574970.17,5302352.3,-0.6
4575140.7,5302246.3,-0.92
4575103.63,5302264.4,-0.77
4575082.59,5302294.62,-0.28
4575045.21,5302313.35,-0.24
4574953.87,5302341.39,-0.51
4575024.37,5302344.14,-0.35
4574987.05,5302363.68,-1.19
4574949.41,5302387.16,-1.03
4575119.76,5302276.3,-1.38
4575098.81,5302306.3,-2.55
4575061.55,5302324.83,-0.62
4574928.65,5302422.01,-1.19
4574933.47,5302376.57,0.63
4575040.51,5302355.05,-0.35
4575002.95,5302374.21,-0.42
4574965.78,5302398.05,-1.2
4574944.43,5302432.4,-0.85
4575077.86,5302336.3,-1.85
4574907.89,5302456.87,-1.08
4574913.08,5302411.75,-0.07
4574923.24,5302466.9,-0.52
4575056.92,5302366.3,0.37
4575019.47,5302385.27,0.38
4574981.43,5302408.41,-0.64
4574959.91,5302442.6,-0.48
4574887.12,5302491.73,-0.95
4574892.68,5302446.93,-0.69
4574938.4,5302476.8,-0.28
4574902.05,5302501.39,-0.23
4575035.97,5302396.3,0.33
4574997.54,5302419.11,0.14
4574975.61,5302452.95,0.2
4574866.36,5302526.58,-0.84
4574872.29,5302482.11,-1.05
4574880.86,5302535.88,0.11
4574953.68,5302486.78,0.24
4574916.88,5302510.99,-0.08
4575013.61,5302429.78,0.34
4574991.26,5302463.25,0.69
4574842.1,5302558.77,-1.04
4574851.89,5302517.29,-1.49
4574856.56,5302567.89,-0.37
4574895.37,5302545.19,0.03
4574968.9,5302496.73,0.99
4574931.75,5302520.62,0.33
4574817.84,5302590.96,-0.74
4574827.71,5302549.68,-1.04
4574832.27,5302599.91,-0.57
4574871.04,5302577.02,-0.75
4574909.82,5302554.46,0.41
4574946.55,5302530.2,0.71
4574793.58,5302623.15,-0.25
4574803.53,5302582.07,-0.25
4574769.32,5302655.33,0.13
4574807.98,5302631.92,-0.55
4574783.69,5302663.94,-0.31
4574846.71,5302608.86,-0.64
4574885.45,5302586.13,-0.35
4574924.19,5302563.68,0.33
4574779.35,5302614.47,0.57
4574745.06,5302687.52,0.46
4574755.17,5302646.86,0.52
4574759.39,5302695.95,0.17
4574740.66,5302724.27,0.42
4574822.38,5302640.7,-0.7
4574798.05,5302672.54,-0.9
4574861.09,5302617.79,-0.58
4574899.8,5302595.18,-0.24
4574721.93,5302752.59,0.27
4574726.56,5302715.85,0.3
4574730.99,5302679.25,0.56
4574703.2,5302780.92,-0.03
4574773.72,5302704.38,-0.67
4574754.77,5302732.69,-0.51
4574836.73,5302649.45,-0.73
4574812.37,5302681.12,-0.84
4574875.42,5302626.67,-0.47
4574735.82,5302761.01,-0.55
4574716.87,5302789.33,-0.47
4574708.06,5302744.19,0.24
4574712.67,5302707.56,0.37
4574684.47,5302809.24,-0.16
4574689.55,5302772.52,0.21
4574788,5302712.78,-1.03
4574768.84,5302741.1,-0.91
4574851.03,5302658.17,0.47
4574826.65,5302689.66,-0.46
4574697.92,5302817.65,-0.45
4574749.68,5302769.42,-0.79
4574730.52,5302797.74,-0.69
4574694.35,5302735.88,0.48
4574665.73,5302837.56,-0.37
4574671.05,5302800.85,0.22
4574676.03,5302764.19,0.35
4574802.26,5302721.16,-1.13
4574782.88,5302749.48,-0.98
4574711.36,5302826.06,-0.59
4574678.97,5302845.97,-0.44
4574763.5,5302777.79,-0.91
4574744.11,5302806.1,-0.61
4574660.02,5302874.29,-0.46
4574647,5302865.88,-0.51
4574652.55,5302829.18,0.24
4574657.71,5302792.5,0.34
4574638.07,5302907.59,-0.4
4574724.73,5302834.42,-0.66
4574692.2,5302854.38,-0.46
4574673.04,5302882.7,-0.26
4574616.12,5302940.89,-0.31
4574625.59,5302899.61,-0.31
4574634.05,5302857.51,0.13
4574639.39,5302820.82,0.25
4574650.56,5302915.56,-0.37
4574628.08,5302948.43,-0.41
4574705.35,5302862.74,-0.62
4574685.97,5302891.05,-0.6
4574594.18,5302974.19,-0.22
4574604.18,5302933.35,-0.14
4574613.15,5302891.67,0.05
4574621.07,5302849.13,0.29
4574605.6,5302981.3,-0.29
4574662.98,5302923.5,-0.52
4574639.99,5302955.95,-0.65
4574572.23,5303007.49,-0.12
4574582.77,5302967.08,0
4574592.24,5302925.82,-0.01
4574600.68,5302883.7,-0.05
4574617.01,5302988.4,-0.49
4574583.11,5303014.17,-0.23
4574560.63,5303047.04,-0.19
4574550.28,5303040.79,-0.02
4574561.35,5303000.82,0.12
4574571.34,5302959.98,-0.06
4574580.29,5302918.28,0.02
4574541.68,5303075.1,-0.16
4574594.02,5303020.85,-0.43
4574571.03,5303053.3,-0.47
4574522.72,5303103.16,-0.16
4574531.19,5303068.73,-0.06
4574539.94,5303034.55,0.23
4574550.44,5302994.13,-0.04
4574559.9,5302952.85,-0.01
4574552.2,5303081.49,-0.32
4574533.37,5303109.67,-0.29
4574503.77,5303131.22,-0.21
4574512.11,5303096.66,-0.12
4574520.72,5303062.36,-0.04
4574529.53,5303028.29,-0.01
4574539.51,5302987.43,-0.16
4574514.54,5303137.85,-0.33
4574484.81,5303159.28,-0.24
4574493.02,5303124.6,-0.11
4574501.49,5303090.17,-0.09
4574510.19,5303055.98,-0.15
4574519.12,5303022,-0.22
4574495.72,5303166.04,-0.33
4574476.89,5303194.22,-0.31
4574465.86,5303187.34,-0.27
4574473.93,5303152.54,-0.25
4574482.27,5303117.99,-0.14
4574490.84,5303083.66,-0.13
4574499.66,5303049.58,-0.16
4574458.06,5303222.41,-0.34
4574446.9,5303215.4,-0.33
4574454.84,5303180.47,-0.26
4574463.04,5303145.8,-0.16
4574471.49,5303111.35,-0.15
4574480.19,5303077.15,0.1
4574436.65,5303256.24,-0.33
4574415.24,5303290.07,-0.31
4574425.52,5303249.3,-0.25
4574404.14,5303283.19,-0.2
4574435.75,5303208.41,-0.32
4574443.82,5303173.61,-0.13
4574452.14,5303139.04,-0.11
4574460.73,5303104.73,0.23
4574393.82,5303323.89,-0.28
4574372.41,5303357.72,-0.22
4574382.75,5303317.09,-0.15
4574414.39,5303242.37,-0.32
4574393.03,5303276.33,-0.29
4574424.59,5303201.42,-0.06
4574432.8,5303166.73,-0.09
4574441.27,5303132.31,-0.96
4574351,5303391.55,-0.18
4574361.37,5303350.99,-0.1
4574371.68,5303310.29,-0.25
4574403.27,5303235.44,-0.04
4574381.94,5303269.47,-0.03
4574413.45,5303194.42,-0.17
4574421.8,5303159.88,-0.86
4574334.36,5303420.41,-0.17
4574339.98,5303384.88,-0.05
4574350.32,5303344.25,-0.2
4574317.72,5303449.27,-0.17
4574323.04,5303413.59,0.04
4574360.61,5303303.49,-0.03
4574392.15,5303228.51,-0.35
4574370.84,5303262.6,-0.51
4574402.34,5303187.46,-0.04
4574301.08,5303478.13,-0.14
4574328.96,5303378.21,-0.17
4574339.28,5303337.52,-0.02
4574306.09,5303442.3,0.13
4574311.7,5303406.76,-0.17
4574349.54,5303296.69,-0.46
4574381.06,5303221.61,0.88
4574359.77,5303255.76,0.53
4574284.44,5303506.99,-0.1
4574289.15,5303471.01,0.22
4574267.8,5303535.85,-0.03
4574272.2,5303499.72,0.31
4574317.95,5303371.55,-0.01
4574328.24,5303330.78,-0.26
4574294.43,5303435.31,-0.18
4574300.37,5303399.94,-0.03
4574338.49,5303289.9,0.29
4574251.16,5303564.71,0.02
4574277.17,5303463.86,-0.19
4574255.26,5303528.43,0.4
4574259.91,5303492.42,-0.2
4574306.93,5303364.87,-0.04
4574317.2,5303324.05,-0.02
4574282.79,5303428.34,-0.05
4574289.04,5303393.11,-0.09
4574233.57,5303593.67,0.57
4574238.31,5303557.14,0.48
4574265.21,5303456.73,-0.06
4574242.64,5303520.97,-0.22
4574247.63,5303485.13,-0.07
4574295.92,5303358.2,-0.29
4574271.14,5303421.35,-0.13
4574277.72,5303386.29,-0.3
4574215.98,5303622.62,1.13
4574220.76,5303586.05,0.4
4574225.38,5303549.52,-0.23
4574253.25,5303449.59,-0.27
4574230.05,5303513.52,-0.12
4574235.35,5303477.83,-0.29
4574259.51,5303414.38,0.21
4574198.39,5303651.58,1.18
4574203.21,5303614.96,0.3
4574207.88,5303578.39,-0.2
4574212.47,5303541.92,-0.16
4574241.31,5303442.46,0.42
4574217.46,5303506.07,-0.39
4574223.11,5303470.55,-0.19
4574180.81,5303680.54,1.23
4574185.66,5303643.87,0.19
4574190.37,5303607.26,-0.19
4574195,5303570.74,-0.19
4574199.57,5303534.32,-0.38
4574163.22,5303709.49,1.28
4574204.9,5303498.64,-0.05
4574168.11,5303672.78,0.09
4574172.87,5303636.13,-0.16
4574177.53,5303599.56,-0.24
4574182.13,5303563.09,-0.38
4574186.7,5303526.73,0.56
4574145.63,5303738.45,0.32
4574150.56,5303701.69,-0.03
4574155.37,5303665,-0.14
4574160.06,5303628.38,-0.26
4574164.69,5303591.86,-0.38
4574169.29,5303555.45,0.56
4574128.13,5303766.52,0.07
4574133.01,5303730.6,-0.14
4574110.62,5303794.6,0.02
4574137.87,5303693.87,-0.11
4574093.12,5303822.67,0
4574142.59,5303657.2,-0.29
4574147.25,5303620.63,-0.39
4574151.87,5303584.17,0.64
4574115.9,5303758.98,-0.13
4574120.36,5303722.74,-0.07
4574098.79,5303787.36,-0.1
4574125.11,5303686.02,-0.32
4574075.62,5303850.74,-0.05
4574081.68,5303815.73,-0.06
4574129.81,5303649.4,-0.38
4574134.46,5303612.89,0.53
4574103.63,5303751.41,-0.12
4574107.64,5303714.84,-0.34
4574086.9,5303780.08,-0.16
4574112.37,5303678.18,-0.38
4574058.11,5303878.82,-0.02
4574064.57,5303844.11,-0.03
4574070.16,5303808.75,-0.19
4574117.05,5303641.61,0.14
4574091.3,5303743.81,-0.32
4574094.94,5303706.95,-0.37
4574074.95,5303772.78,-0.32
4574099.63,5303670.33,-0.25
4574040.61,5303906.89,0.02
4574022.97,5303935.78,1.71
4574047.46,5303872.48,0.01
4574053.43,5303837.42,-0.2
4574058.6,5303801.74,-0.3
4574078.98,5303736.22,-0.31
4574082.22,5303699.05,-0.61
4574063.02,5303765.48,-0.38
4574030.35,5303900.86,0.04
4574005.33,5303964.68,1.48
4574012.18,5303929.37,-0.07
4574036.7,5303866.09,-0.21
4574042.25,5303830.71,-0.27
4574047.07,5303794.75,-0.42
4574066.65,5303728.61,-0.55
4574051.07,5303758.18,-0.54
4574019.97,5303894.76,-0.24
4573987.7,5303993.57,1.26
4573994.01,5303957.87,-0.19
4574001.28,5303922.89,-0.24
4574025.91,5303859.68,-0.25
4574031.11,5303824.02,-0.46
4574035.5,5303787.74,-0.5
4574009.56,5303888.65,-0.24
4573970.06,5304022.46,1.02
4573975.84,5303986.38,-0.3
4573982.6,5303951.01,-0.2
4573990.36,5303916.39,-0.32
4574015.15,5303853.28,-0.48
4574019.93,5303817.3,-0.56
4573999.2,5303882.55,-0.53
4573952.42,5304051.36,0.8
4573957.68,5304014.89,-0.35
4573963.91,5303979.14,-0.17
4573971.16,5303944.14,-0.25
4573979.48,5303909.92,-0.54
4574004.35,5303846.87,-0.61
4573988.78,5303876.43,-0.7
4573934.78,5304080.25,-0.17
4573939.51,5304043.4,-0.43
4573945.22,5304007.27,-0.11
4573951.97,5303971.89,-0.32
4573959.77,5303937.29,-0.53
4573968.56,5303903.43,-0.64
4573916.72,5304114.56,-0.12
4573921.34,5304071.9,-0.44
4573926.54,5304035.39,0
4573932.77,5303999.64,-0.41
4573940.05,5303964.66,-0.49
4573948.34,5303930.43,-0.57
4573898.65,5304148.87,0.04
4573880.59,5304183.17,-0.07
4573903.37,5304106.52,-0.4
4573907.85,5304063.52,0.02
4573913.57,5304027.39,-0.46
4573920.33,5303992.03,-0.76
4573928.13,5303957.42,-0.58
4573885.41,5304141.14,-0.4
4573862.52,5304217.48,-0.17
4573867.44,5304175.76,-0.11
4573889.95,5304098.44,-0.04
4573894.37,5304055.14,-0.6
4573900.62,5304019.4,-0.71
4573907.91,5303984.42,-0.62
4573872.05,5304133.35,-0.06
4573844.46,5304251.79,0.98
4573849.47,5304210.37,-0.04
4573854.15,5304168.27,-0.07
4573887.69,5304011.42,-0.2
4573876.49,5304090.33,-0.5
4573880.9,5304046.77,-0.82
4573858.6,5304125.51,-0.47
4573827.3,5304280.63,1.12
4573831.5,5304244.99,0.15
4573836.25,5304203.18,-0.1
4573840.71,5304160.7,-0.51
4573867.47,5304038.42,0.21
4573863.01,5304082.22,-0.74
4573845.13,5304117.66,-0.69
4573810.14,5304309.48,0.88
4573814.23,5304273.79,0.1
4573818.35,5304238.1,-0.19
4573822.82,5304195.88,-0.49
4573827.24,5304153.11,-0.72
4573849.56,5304074.12,-0.22
4573831.65,5304109.82,-0.39
4573792.97,5304338.33,0.31
4573796.96,5304302.6,0.06
4573801,5304266.88,-0.1
4573804.93,5304231.07,-0.48
4573809.35,5304188.56,-0.65
4573813.75,5304145.52,-0.77
4573775.81,5304367.17,0.07
4573779.69,5304331.4,-0.13
4573783.65,5304295.65,-0.13
4573787.56,5304259.85,-0.51
4573791.46,5304224.01,-0.66
4573795.84,5304181.22,-0.71
4573758.65,5304396.02,0.08
4573762.41,5304360.2,0.05
4573766.3,5304324.43,-0.1
4573770.18,5304288.62,-0.56
4573774.06,5304252.79,-0.69
4573777.93,5304216.92,-0.76
4573741.49,5304424.86,0.06
4573745.14,5304389.01,-0.05
4573748.95,5304353.2,-0.05
4573752.81,5304317.4,-0.54
4573756.66,5304281.56,-0.61
4573760.53,5304245.71,-0.62
4573726.21,5304454.89,0.13
4573727.87,5304417.81,-0.06
4573731.6,5304381.98,-0.12
4573735.43,5304346.18,-0.5
4573739.26,5304310.34,-0.51
4573743.13,5304274.5,-0.67
4573710.93,5304484.92,0.24
4573712.72,5304447.9,-0.05
4573714.26,5304410.75,-0.11
4573718.06,5304374.95,-0.53
4573721.86,5304339.12,-0.44
4573725.72,5304303.29,-0.71
4573695.65,5304514.95,0.33
4573697.57,5304477.99,-0.03
4573699.22,5304440.9,-0.18
4573700.68,5304403.73,-0.52
4573704.46,5304367.9,-0.48
4573708.32,5304332.09,-0.48
4573684.19,5304471.05,-0.19
4573680.38,5304544.98,0.41
4573682.42,5304508.09,0.01
4573685.76,5304433.93,-0.5
4573687.06,5304396.68,-0.4
4573690.92,5304360.88,-0.02
4573670.84,5304464.13,-0.42
4573669.16,5304501.2,-0.24
4573667.27,5304538.18,0.06
4573672.26,5304426.94,-0.4
4573673.52,5304389.67,-0.17
4573657.45,5304457.19,-0.36
4573655.91,5304494.32,-0.35
4573654.13,5304531.35,-0.33
4573649.82,5304605.04,0.34
4573652.12,5304568.27,0.11
4573631.57,5304640.41,0.93
4573658.83,5304419.97,-0.24
4573644.14,5304450.28,-0.43
4573642.65,5304487.44,-0.35
4573640.99,5304524.52,-0.3
4573639.1,5304561.5,-0.36
4573636.97,5304598.36,0.16
4573613.32,5304675.78,0.78
4573618.55,5304633.74,0.04
4573629.44,5304480.59,-0.34
4573627.85,5304517.69,-0.31
4573626.07,5304554.72,-0.26
4573624.06,5304591.64,-0.36
4573605.47,5304627.03,-0.51
4573595.07,5304711.15,0.81
4573600.13,5304669.11,-0.05
4573614.75,5304510.89,-0.41
4573613.04,5304547.95,-0.29
4573611.15,5304584.92,-0.21
4573592.37,5304620.3,-0.17
4573586.88,5304662.41,-0.55
4573576.82,5304746.52,0.55
4573581.71,5304704.49,-0.13
4573558.57,5304781.89,0.34
4573600.06,5304541.2,-0.6
4573598.24,5304578.2,-0.28
4573579.29,5304613.58,-0.18
4573573.59,5304655.68,-0.07
4573568.29,5304697.79,-0.6
4573563.29,5304739.86,-0.25
4573540.71,5304817.44,0.31
4573544.87,5304775.24,-0.39
4573585.37,5304571.5,-0.72
4573566.22,5304606.88,0.45
4573560.33,5304648.97,-0.12
4573554.82,5304691.06,0.02
4573549.7,5304733.18,-0.66
4573522.85,5304852.99,0.2
4573531.11,5304768.56,-0.67
4573526.98,5304810.88,-0.34
4573504.98,5304888.54,0.21
4573547.07,5304642.26,0.33
4573541.38,5304684.35,-0.01
4573536.04,5304726.44,0.1
4573509.1,5304846.52,-0.23
4573517.27,5304761.83,0.14
4573513.23,5304804.3,-0.47
4573487.12,5304924.09,0.35
4573491.22,5304882.16,-0.14
4573527.93,5304677.65,-0.18
4573522.42,5304719.74,0.06
4573495.35,5304840.05,-0.35
4573503.47,5304755.13,0.13
4573499.4,5304797.68,-0.13
4573469.26,5304959.64,0.47
4573473.33,5304917.8,0.06
4573477.47,5304875.79,-0.29
4573508.78,5304713.03,-0.07
4573481.52,5304833.53,-0.36
4573489.63,5304748.41,-0.72
4573485.6,5304791.08,-0.11
4573454.5,5304989.7,0.38
4573455.45,5304953.44,0.27
4573459.58,5304911.53,-0.31
4573463.65,5304869.38,-0.58
4573467.73,5304827.03,-0.35
4573471.77,5304784.47,-0.45
4573439.74,5305019.75,0.38
4573440.93,5304983.64,0.18
4573441.7,5304947.28,-0.38
4573445.78,5304905.24,-0.76
4573449.85,5304862.99,-0.6
4573453.91,5304820.53,-0.66
4573424.98,5305049.8,0.37
4573426.41,5305013.83,0.08
4573410.23,5305079.86,0.29
4573427.42,5304977.6,-0.41
4573427.91,5304941.09,-0.92
4573431.98,5304898.94,-0.84
4573436.05,5304856.59,-0.53
4573395.47,5305109.91,0.22
4573411.9,5305044.02,-0.04
4573413.14,5305007.92,-0.46
4573397.38,5305074.21,-0.23
4573413.87,5304971.54,-0.78
4573414.11,5304934.9,-1.03
4573418.19,5304892.65,-0.63
4573380.71,5305139.97,0.11
4573382.86,5305104.4,-0.34
4573398.86,5305038.24,-0.46
4573399.83,5305002,-0.63
4573384.57,5305068.56,-0.43
4573400.32,5304965.49,-0.92
4573400.33,5304928.71,-0.58
4573368.7,5305171.16,0.22
4573368.35,5305134.59,-0.45
4573370.29,5305098.88,-0.42
4573385.79,5305032.46,-0.48
4573386.52,5304996.08,-0.8
4573371.75,5305062.91,-0.36
4573386.77,5304959.43,-0.63
4573356.69,5305202.34,0.31
4573356.02,5305165.65,-0.23
4573356.01,5305129.2,-0.44
4573357.71,5305093.37,-0.21
4573372.73,5305026.67,-0.66
4573373.21,5304990.16,-0.52
4573358.93,5305057.27,-0.5
4573344.68,5305233.53,0.56
4573343.69,5305196.71,-0.07
4573343.34,5305160.14,-0.25
4573343.68,5305123.83,-0.08
4573345.14,5305087.86,-0.35
4573359.66,5305020.88,-0.41
4573346.1,5305051.61,-0.29
4573332.67,5305264.72,0.69
4573331.36,5305227.77,0.04
4573330.68,5305191.07,-0.11
4573330.67,5305154.63,-0.06
4573331.34,5305118.45,-0.2
4573332.54,5305082.33,-0.18
4573320.66,5305295.9,0.23
4573319.04,5305258.84,0.14
4573308.65,5305327.09,-0.1
4573318.02,5305222,-0.02
4573317.67,5305185.43,-0.06
4573318,5305149.12,-0.22
4573318.98,5305113.06,-0.1
4573295.25,5305357.85,-0.11
4573306.71,5305289.9,0.14
4573305.35,5305252.94,0.09
4573294.38,5305320.96,0.16
4573304.67,5305216.23,-0.03
4573304.67,5305179.79,-0.24
4573305.31,5305143.6,-0.12
4573281.85,5305388.61,-0.13
4573280.98,5305351.7,0.16
4573292.69,5305283.87,0.29
4573291.67,5305247.03,-0.01
4573280.02,5305314.8,0.43
4573291.33,5305210.46,-0.28
4573291.64,5305174.14,-0.06
4573268.45,5305419.37,-0.15
4573267.57,5305382.45,0.15
4573266.62,5305345.53,0.37
4573278.67,5305277.83,0
4573277.99,5305241.13,-0.3
4573265.67,5305308.63,0.03
4573277.97,5305204.68,-0.26
4573255.05,5305450.12,-0.17
4573254.16,5305413.19,0.14
4573253.22,5305376.26,0.3
4573252.27,5305339.35,-0.08
4573264.65,5305271.8,-0.36
4573264.3,5305235.22,-0.39
4573251.31,5305302.47,-0.4
4573241.65,5305480.88,-0.12
4573240.76,5305443.93,0.14
4573239.82,5305406.99,0.23
4573238.88,5305370.07,-0.18
4573237.92,5305333.18,-0.48
4573250.63,5305265.76,-0.52
4573236.96,5305296.3,-0.29
4573228.25,5305511.64,-0.05
4573227.35,5305474.67,0.12
4573226.42,5305437.72,0.17
4573225.48,5305400.79,-0.28
4573224.53,5305363.88,-0.57
4573223.58,5305327,-0.54
4573212.87,5305548.61,-0.14
4573213.94,5305505.42,0.01
4573213.02,5305468.45,0.11
4573197.5,5305585.57,-0.1
4573182.12,5305622.54,-0.04
4573212.09,5305431.51,-0.38
4573211.15,5305394.59,-0.66
4573210.2,5305357.7,-0.81
4573198.31,5305542.3,0.02
4573199.62,5305499.18,0.04
4573198.69,5305462.23,-0.52
4573182.68,5305579.19,0.04
4573166.75,5305659.5,0.09
4573167.05,5305616.07,0.05
4573197.76,5305425.3,-0.76
4573196.82,5305388.39,-1.07
4573183.74,5305535.99,-0.04
4573185.3,5305492.95,-0.67
4573184.37,5305456.01,-0.84
4573167.86,5305572.79,-0.1
4573151.37,5305696.47,0.28
4573151.41,5305652.96,0.1
4573151.98,5305609.6,-0.17
4573183.45,5305419.09,-1.33
4573169.17,5305529.67,-0.61
4573170.98,5305486.71,-0.96
4573170.07,5305449.79,-1.59
4573153.03,5305566.4,-0.56
4573134.01,5305732.7,0.12
4573135.78,5305689.84,0.18
4573136.09,5305646.4,-0.24
4573136.9,5305603.13,-0.51
4573154.6,5305523.36,-0.99
4573156.69,5305480.49,-1.83
4573138.21,5305560.01,-0.99
4573116.66,5305768.93,0.33
4573118.71,5305726.19,0.17
4573120.21,5305683.21,-0.26
4573120.77,5305639.86,-0.47
4573121.83,5305596.66,-0.98
4573140.06,5305517.06,-1.6
4573123.43,5305553.63,-1.28
4573099.3,5305805.17,0.3
4573101.64,5305762.55,0.16
4573103.41,5305719.68,-0.38
4573104.64,5305676.59,-0.44
4573105.44,5305633.31,-1
4573106.79,5305590.21,-0.94
4573081.95,5305841.4,0.25
4573084.57,5305798.9,0.05
4573086.62,5305756.15,-0.38
4573088.12,5305713.18,-0.55
4573089.06,5305669.96,-1.06
4573090.16,5305626.78,-0.61
4573064.59,5305877.63,0.21
4573067.5,5305835.25,-0.1
4573069.82,5305792.62,-0.46
4573071.59,5305749.76,-0.68
4573072.81,5305706.66,-1.01
4573073.53,5305663.35,0.03
4573052.51,5305908.83,0.16
4573050.42,5305871.6,-0.21
4573053.02,5305829.09,-0.46
4573055.07,5305786.35,-0.76
4573056.56,5305743.36,-0.99
4573057.54,5305700.16,-0.09
4573040.43,5305940.03,0.13
4573038.18,5305902.74,-0.03
4573036.22,5305865.56,-0.44
4573038.55,5305822.94,-0.91
4573040.31,5305780.07,-0.95
4573041.56,5305736.98,-0.17
4573028.34,5305971.23,0.17
4573025.93,5305933.87,0.14
4573023.81,5305896.63,-0.32
4573022.03,5305859.52,-0.96
4573024.07,5305816.77,-0.87
4573025.57,5305773.79,-0.22
4573016.26,5306002.43,0.16
4573013.68,5305965.01,0.26
4573011.4,5305927.7,-0.18
4573009.45,5305890.53,-0.82
4573007.82,5305853.47,-0.78
4573009.59,5305810.61,0.02
4573004.18,5306033.63,0.16
4572992.1,5306064.83,0.29
4573001.44,5305996.14,0.4
4572998.98,5305958.77,-0.05
4572996.87,5305921.53,-0.63
4572995.08,5305884.41,-0.79
4572993.6,5305847.42,-0.89
4572979.39,5306095.95,0.6
4572989.19,5306027.27,0.53
4572976.94,5306058.41,0.59
4572986.57,5305989.83,0.07
4572984.29,5305952.53,-0.44
4572982.34,5305915.35,-0.8
4572980.71,5305878.3,-1.15
4572966.68,5306127.06,0.61
4572964.59,5306089.65,0.46
4572974.16,5306020.9,0.17
4572961.75,5306051.97,0.26
4572971.71,5305983.53,-0.3
4572969.61,5305946.29,-0.79
4572967.83,5305909.18,-0.58
4572953.97,5306158.17,0.64
4572952.24,5306120.89,0.36
4572949.76,5306083.34,0.26
4572959.13,5306014.53,-0.13
4572946.55,5306045.53,0.04
4572956.87,5305977.23,-0.77
4572954.94,5305940.06,-0.37
4572939.88,5306152.13,0.26
4572941.27,5306189.29,0.47
4572937.77,5306114.71,0.28
4572934.91,5306077.03,0.13
4572944.13,5306008.17,-0.76
4572931.39,5306039.1,-0.78
4572942.05,5305970.95,-0.29
4572925.78,5306146.09,0.28
4572927.53,5306183.37,0.15
4572928.56,5306220.4,-0.21
4572923.28,5306108.53,0.2
4572920.12,5306070.73,-0.55
4572929.17,5306001.83,-0.21
4572916.28,5306032.71,-0.6
4572911.65,5306140.03,0.27
4572913.79,5306177.46,0.2
4572915.17,5306214.62,0.14
4572915.85,5306251.52,-0.51
4572908.84,5306102.36,-0.35
4572905.39,5306064.48,-0.57
4572897.56,5306133.99,-0.15
4572900.02,5306171.53,0.26
4572901.8,5306208.83,0.12
4572902.82,5306245.86,0.09
4572898.72,5306287.91,0.19
4572881.58,5306324.3,0.04
4572894.5,5306096.25,-0.53
4572883.61,5306128.01,-0.31
4572886.28,5306165.62,-0.06
4572888.39,5306203.03,0.28
4572889.81,5306240.2,0.07
4572885.43,5306282.15,0.11
4572864.45,5306360.7,0.21
4572868.04,5306318.44,0.15
4572847.31,5306397.09,0.44
4572872.72,5306159.78,-0.06
4572875.01,5306197.25,-0.24
4572876.75,5306234.53,0.27
4572872.16,5306276.39,0.09
4572850.66,5306354.73,0.19
4572854.52,5306312.58,0.17
4572830.18,5306433.48,0.49
4572833.27,5306391.02,0.34
4572861.83,5306191.55,0.09
4572863.73,5306228.87,-0.09
4572858.86,5306270.62,0.09
4572836.87,5306348.76,0.23
4572840.97,5306306.71,-0.13
4572816.02,5306463.83,0.47
4572815.88,5306427.31,0.44
4572819.22,5306384.95,0.23
4572850.94,5306223.32,0.09
4572845.58,5306264.86,-0.21
4572823.07,5306342.8,-0.07
4572827.43,5306300.84,-0.11
4572801.86,5306494.19,0.41
4572801.77,5306457.69,0.41
4572787.7,5306524.54,0.3
4572773.54,5306554.89,0.12
4572801.58,5306421.13,0.14
4572805.18,5306378.89,0.01
4572832.49,5306259.18,0.19
4572809.27,5306336.83,-0.09
4572814.04,5306295.05,0.11
4572787.67,5306488.08,0.34
4572787.58,5306451.57,0.1
4572773.57,5306518.46,0.26
4572759.38,5306585.25,0.01
4572759.46,5306548.85,0.16
4572787.28,5306414.97,-0.06
4572791.12,5306372.81,-0.19
4572795.6,5306330.91,0.03
4572773.58,5306482.01,0.08
4572773.33,5306445.44,-0.14
4572759.59,5306512.45,0
4572745.22,5306615.6,-0.09
4572745.36,5306579.23,0.04
4572745.59,5306542.89,-0.13
4572772.97,5306408.8,-0.25
4572777.15,5306366.78,-0.28
4572759.39,5306475.91,-0.21
4572759.07,5306439.3,-0.26
4572745.44,5306506.38,-0.25
4572732.27,5306653.9,0.04
4572731.26,5306609.62,-0.13
4572731.6,5306573.33,-0.01
4572731.49,5306536.85,-0.24
4572758.7,5306402.64,-0.45
4572745.18,5306469.8,-0.29
4572744.85,5306433.17,-0.12
4572731.28,5306500.3,-0.3
4572719.32,5306692.19,0.17
4572717.68,5306647.64,0.18
4572717.6,5306603.77,0.12
4572717.54,5306567.32,-0.2
4572717.38,5306530.79,-0.28
4572731,5306463.69,0.39
4572717.14,5306494.22,0.88
4572706.36,5306730.49,0.33
4572704.1,5306685.66,0.2
4572703.35,5306641.49,0.08
4572703.59,5306597.79,-0.13
4572703.48,5306561.29,-0.32
4572703.29,5306524.75,0.82
4572693.41,5306768.78,0.27
4572690.53,5306723.67,0.25
4572689.1,5306679.21,0.17
4572688.72,5306635.22,-0.28
4572689.58,5306591.79,-0.31
4572689.44,5306555.27,0.56
4572676.95,5306761.69,0.27
4572680.46,5306807.08,0.17
4572674.84,5306716.92,0.37
4572673.84,5306672.66,-0.41
4572674.08,5306628.95,-0.64
4572675.59,5306585.8,1.06
4572660.59,5306754.64,0.53
4572663.38,5306799.71,0.34
4572666.92,5306837.53,0.01
4572653.37,5306867.99,-0.14
4572658.96,5306710.09,-0.48
4572658.58,5306666.11,-0.97
4572659.47,5306622.68,1.44
4572639.83,5306898.44,-0.3
4572644.09,5306747.53,-0.55
4572646.34,5306792.36,0.76
4572649.87,5306830.18,0.24
4572636.36,5306860.66,0.11
4572643.08,5306703.26,-1.3
4572643.35,5306659.56,1.7
4572626.29,5306928.89,-0.41
4572622.85,5306891.13,0.03
4572612.74,5306959.35,-0.4
4572599.2,5306989.8,-0.25
4572586.63,5307020.3,-0.07
4572627.58,5306740.42,-1.56
4572629.21,5306784.96,-0.47
4572632.86,5306822.84,0.38
4572619.38,5306853.33,-0.01
4572627.23,5306696.44,1.9
4572609.34,5306921.6,-0.02
4572605.9,5306883.82,-0.39
4572595.84,5306952.07,-0.08
4572582.33,5306982.55,-0.17
4572574.06,5307050.81,-0.1
4572569.61,5307013.05,-0.07
4572611.11,5306733.32,1.06
4572612.08,5306777.57,-1.75
4572615.78,5306815.48,-0.45
4572602.34,5306845.99,-0.43
4572592.42,5306914.31,-0.76
4572588.91,5306876.51,-0.42
4572578.94,5306944.8,-1.09
4572565.46,5306975.29,-1.36
4572561.49,5307081.31,-0.13
4572556.89,5307043.55,0
4572552.59,5307005.79,-1.08
4572594.99,5306770.2,0.78
4572598.69,5306808.11,-1.51
4572585.3,5306838.65,-1.26
4572575.47,5306907.02,-0.38
4572571.9,5306869.18,-0.98
4572562.04,5306937.54,-0.33
4572548.61,5306968.05,-0.29
4572548.92,5307111.81,-0.12
4572544.17,5307074.05,0.09
4572539.72,5307036.29,-0.8
4572535.59,5306998.55,-0.2
4572581.64,5306800.76,0.79
4572568.29,5306831.32,0.74
4572558.51,5306899.72,-0.69
4572554.93,5306861.88,0.69
4572545.12,5306930.25,-0.44
4572531.73,5306960.79,-0.11
4572526.85,5307066.79,-0.52
4572536.35,5307142.32,-0.28
4572531.45,5307104.55,0.16
4572522.57,5307029.04,-0.12
4572518.57,5306991.29,-0.01
4572541.58,5306892.43,0.64
4572528.23,5306922.99,0.51
4572514.88,5306953.55,0.68
4572523.78,5307172.82,-0.33
4572509.54,5307059.54,-0.03
4572513.98,5307097.29,-0.24
4572518.73,5307135.05,0.25
4572505.4,5307021.79,0.06
4572501.56,5306984.04,0.83
4572506.63,5307209.66,0.63
4572506.01,5307165.55,0.32
4572492.24,5307052.28,0.11
4572496.52,5307090.03,0.04
4572501.11,5307127.79,0.04
4572488.24,5307014.53,0.99
4572488.24,5307158.29,0.31
4572489.48,5307246.5,0.53
4572488.98,5307202.2,0.29
4572474.92,5307045.03,1.12
4572479.07,5307082.78,0.15
4572483.5,5307120.53,0.1
4572472.34,5307283.35,0.41
4572470.48,5307151.02,0.17
4572471.32,5307194.74,0.27
4572471.95,5307238.85,0.27
4572461.59,5307075.52,1.29
4572465.91,5307113.28,0.2
4572454.92,5307275.5,0.22
4572455.19,5307320.19,0.19
4572452.74,5307143.78,0.24
4572453.67,5307187.28,0.15
4572454.4,5307231.2,0.27
4572448.27,5307106.01,0.63
4572437.48,5307267.65,0.26
4572437.89,5307312.15,0.17
4572438.04,5307357.03,0.06
4572434.95,5307136.5,-0.01
4572436.04,5307179.84,0.26
4572436.87,5307223.55,0.19
4572419.75,5307393.24,0.96
4572420.06,5307259.81,0.24
4572420.57,5307304.11,0.24
4572420.86,5307348.81,0.11
4572418.37,5307172.37,0.82
4572419.34,5307215.91,0.31
4571920.34,5308228.54,0.17
4571939.67,5308201.2,0.22
4572401.46,5307429.46,0.95
4572402.57,5307384.85,0.15
4572402.64,5307251.97,0.38
4572403.25,5307296.07,0.28
4572403.65,5307340.57,0.23
4572401.79,5307208.25,0.97
4571904.24,5308217.56,0.12
4571923.41,5308189.83,0.13
4571958.99,5308173.85,0.52
4571978.31,5308146.51,0.59
4572384.28,5307420.9,0.18
4572383.18,5307465.67,0.8
4572385.36,5307376.45,0.25
4572385.22,5307244.12,1.22
4572385.94,5307288.03,0.45
4572386.45,5307332.33,0.34
4572364.89,5307501.89,0.56
4572346.6,5307538.1,0.73
4571887.37,5308205.73,0.29
4571907.08,5308178.41,0.27
4571942.79,5308162.52,0.14
4571962.17,5308135.21,0.15
4571997.64,5308119.17,0.47
4572036.29,5308064.48,0.65
4572055.46,5308035.66,1.51
4572367.07,5307412.33,0.22
4572365.99,5307456.95,0.23
4572368.15,5307368.05,0.27
4572368.64,5307280,0.81
4572369.25,5307324.1,0.45
4572347.7,5307493,0.27
4572327.66,5307573.77,1.22
4572329.41,5307529.05,0.31
4571870.71,5308193.64,0.3
4572016.96,5308091.82,0.51
4571890.78,5308167.01,0.31
4571926.52,5308151.14,0.24
4571945.95,5308123.86,0.21
4571981.55,5308107.91,0.16
4572020.31,5308053.29,0.18
4572039.36,5308024.61,0.14
4572074.64,5308006.84,1.6
4572093.81,5307978.01,1.68
4572112.99,5307949.19,1.15
4572132.17,5307920.37,0.81
4572151.34,5307891.55,-0.24
4572308.72,5307609.45,1.23
4572289.77,5307645.12,0.75
4572349.85,5307403.76,0.21
4572348.77,5307448.22,0.17
4572350.95,5307359.65,0.38
4572352.06,5307315.87,0.34
4572330.48,5307484.1,0.13
4572310.6,5307564.63,0.24
4572312.19,5307519.98,0.1
4571854.91,5308182.79,0.38
4572000.93,5308080.6,0.18
4571874.45,5308155.58,0.34
4571910.26,5308139.76,0.29
4571929.75,5308112.52,0.28
4571965.39,5308096.59,0.21
4572004.26,5308042.05,0.24
4572023.18,5308013.5,0.2
4572058.41,5307995.92,0.11
4572077.45,5307967.24,0.11
4572096.5,5307938.55,0.1
4572171.45,5307856.53,0.32
4572115.55,5307909.87,0.08
4572134.6,5307881.18,0.05
4572191.56,5307821.52,0.86
4572211.67,5307786.5,0.79
4572231.78,5307751.49,0.89
4572251.89,5307716.47,0.63
4572270.83,5307680.8,0.76
4572291.8,5307600.21,0.18
4572272.99,5307635.79,0.17
4572332.65,5307395.2,0.3
4572331.56,5307439.48,0.14
4572333.75,5307351.25,0.53
4572313.26,5307475.19,0.08
4572293.51,5307555.47,0.12
4572294.96,5307510.91,0.02
4571838.51,5308171.33,-0.02
4571984.83,5308069.32,0.22
4571858.11,5308144.16,0.93
4571893.99,5308128.38,0.32
4571913.53,5308101.17,0.28
4571949.23,5308085.28,0.28
4571988.2,5308030.79,0.26
4572006.99,5308002.39,0.23
4572042.09,5307984.95,0.15
4572061.01,5307956.4,0.12
4572079.92,5307927.85,0.07
4572154.76,5307846.34,0.06
4572098.84,5307899.31,0.03
4572117.75,5307870.76,-0.11
4572174.91,5307811.49,0.05
4572195.07,5307776.65,0.04
4572215.23,5307741.8,0.04
4572235.39,5307706.96,0.06
4572254.19,5307671.37,0.12
4572274.84,5307590.95,0.15
4572256.16,5307626.44,0.19
4572315.44,5307386.63,0.89
4572314.35,5307430.75,0.23
4572296.05,5307466.29,0.19
4572276.41,5307546.3,0.05
4572277.75,5307501.84,0.18
4571968.72,5308058.04,0.28
4571877.71,5308116.99,0.95
4571897.3,5308089.81,1.27
4571933.07,5308073.96,0.24
4571972.15,5308019.55,0.21
4571990.81,5307991.28,0.18
4572025.78,5307973.98,0.15
4572044.57,5307945.57,0.09
4572063.36,5307917.16,0.02
4572137.96,5307836.09,-0.01
4572082.15,5307888.75,-0.05
4572100.94,5307860.34,-0.12
4572158.17,5307801.42,0.06
4572178.38,5307766.75,0.1
4572198.59,5307732.08,0.17
4572218.8,5307697.41,0.22
4572237.48,5307661.92,0.21
4572257.86,5307581.68,0.1
4572239.31,5307617.07,0.14
4572297.14,5307422.01,1.09
4572278.83,5307457.39,1.13
4572259.32,5307537.13,0.2
4572260.52,5307492.77,-0.18
4571952.61,5308046.76,0.23
4571916.9,5308062.64,1.79
4571956.1,5308008.3,0.03
4571974.63,5307980.17,0.22
4572009.47,5307963.01,0.12
4572028.13,5307934.74,0.06
4572046.78,5307906.46,0.01
4572121.19,5307825.84,-0.06
4572065.44,5307878.19,-0.05
4572084.1,5307849.92,-0.11
4572141.45,5307791.34,0
4572161.7,5307756.84,0.05
4572181.95,5307722.35,0.1
4572202.21,5307687.85,0.22
4572220.76,5307652.46,0.18
4572240.89,5307572.42,0.21
4572222.46,5307607.7,0.27
4572242.22,5307527.96,0.25
4571936.5,5308035.47,1.64
4571993.15,5307952.03,0.54
4572011.67,5307923.89,0.84
4572030.2,5307895.76,1.05
4572104.4,5307815.59,-0.02
4572048.72,5307867.63,1.06
4572067.25,5307839.49,-0.36
4572124.7,5307781.26,0.06
4572145,5307746.93,0.14
4572165.3,5307712.61,0.26
4572185.6,5307678.28,0.32
4572204.03,5307642.99,0.3
4572223.91,5307563.15,0.93
4572205.61,5307598.34,1.65
4572087.6,5307805.34,0.14
4572107.95,5307771.18,0.62
4572128.3,5307737.03,0.76
4572148.65,5307702.87,0.78
4572169,5307668.72,0.84
4572187.3,5307633.53,1.04
